path,bytes,sha256,modified_utc,provenance
data/raw/byelections/byelections_Gauteng_vd_party.csv,186232,4ac73c5db66d0bfceb8a423be7b3ba7ba99e21c0679cb5c49b627f83e8637e2a,2026-08-01T15:09:54Z,"results.elections.org.za by-election dashboard MapsJason, via src/fetch_byelections.py"
data/raw/byelections/byelections_SA_vd_party.csv,1237210,0d58e2298d20432626acd9e4c8f6aab26bcd983637d8130cb578746d99f274c2,2026-08-07T09:49:18Z,"results.elections.org.za by-election dashboard MapsJason, via src/fetch_byelections.py"
data/raw/covariates/Languages by Municipalities Census 2022.xls,56832,61f5371e78e51e8565b8b41b2490f626fd1005efdb6476ec9ee02020de2d4ec1,2026-08-24T08:58:42Z,"Stats SA User Information Services, emailed 2026-08-24 (SuperCROSS extract, municipality level)"
data/raw/covariates/Ward Product_Locked spreadsheets/PP_Age Group_27-10-2025.xlsx,1179506,eff23feb6406cb2fdfab051b459a8d286b1b640919f276f074e81e75a5e7232f,2025-10-27T11:38:14Z,unpacked from statssa.gov.za Ward-Product_Locked-spreadsheets.zip
data/raw/covariates/Ward Product_Locked spreadsheets/PP_Population Group_27-10-2025.xlsx,411126,edb858e7e3555eb58021f715b05a31a6d89ce318aea38b53f17ad9371b1cf0e3,2025-10-27T11:37:58Z,unpacked from statssa.gov.za Ward-Product_Locked-spreadsheets.zip
data/raw/covariates/Ward Product_Locked spreadsheets/PP_Sex_27-10-2025.xlsx,286724,31cd98ab24d862fa93133f8e7b73111909ba8b4495536c669dec3d07a7ae8761,2025-10-27T10:09:32Z,unpacked from statssa.gov.za Ward-Product_Locked-spreadsheets.zip
data/raw/covariates/Ward-Product_Locked-spreadsheets.zip,1865768,d8eae4732557228d08fdf1d2ff2f5077ee55454185d489931213b1896a0a617a,2026-08-01T22:05:34Z,statssa.gov.za Ward-level Small Area Population Estimates 2022
data/raw/covariates/Ward-statistical-product-technical-note.pdf,519560,1af54aa87826af9ffb6348547559777d1d60eb441c0a68eacf2d0b8acaaf527f,2026-08-01T22:05:34Z,statssa.gov.za ward product technical note
data/raw/elections/_metros/lge2021_BUF_vd_party.csv,2143452,7413b07222ae64076c81302d9a1a4606d40174ebf20ba0104e2c16ba1806ddd5,2026-08-10T07:37:14Z,"results.elections.org.za LGEPublicReports Downloadable Party Results per metro, via src/fetch_iec.py (all-metro sweep)"
data/raw/elections/_metros/lge2021_CPT_vd_party.csv,9894016,2fbc2cf33a6bab2aa37c671faac720a143bd5d3f45f864ace131a0b037ce5b6b,2026-08-10T07:37:13Z,"results.elections.org.za LGEPublicReports Downloadable Party Results per metro, via src/fetch_iec.py (all-metro sweep)"
data/raw/elections/_metros/lge2021_EKU_vd_party.csv,5222603,89f240e3f25c33f3a64fac0fd64740f1b8271cad20081ef050ca89d37a09b898,2026-08-10T07:37:13Z,"results.elections.org.za LGEPublicReports Downloadable Party Results per metro, via src/fetch_iec.py (all-metro sweep)"
data/raw/elections/_metros/lge2021_ETH_vd_party.csv,10713476,51657391e9844d44f82026a70675bb03f12b34abe995bb09d49cea3529e4fc03,2026-08-10T07:37:14Z,"results.elections.org.za LGEPublicReports Downloadable Party Results per metro, via src/fetch_iec.py (all-metro sweep)"
data/raw/elections/_metros/lge2021_JHB_vd_party.csv,10295882,c5d62e45e0f15b933475d6d26c85f50db6b7561abe1c07642db71256bbcc0302,2026-08-10T07:37:13Z,"results.elections.org.za LGEPublicReports Downloadable Party Results per metro, via src/fetch_iec.py (all-metro sweep)"
data/raw/elections/_metros/lge2021_MAN_vd_party.csv,1965193,be9f502fadfb015c67ff58b73863990f686818dd7c30ec5f1b0c8272cb169e99,2026-08-10T07:37:14Z,"results.elections.org.za LGEPublicReports Downloadable Party Results per metro, via src/fetch_iec.py (all-metro sweep)"
data/raw/elections/_metros/lge2021_NMA_vd_party.csv,1849140,c8c283808cb719ef58cea3e6649f1e0704f8ff503949070458aef2b44e9164ee,2026-08-10T07:37:14Z,"results.elections.org.za LGEPublicReports Downloadable Party Results per metro, via src/fetch_iec.py (all-metro sweep)"
data/raw/elections/_metros/lge2021_TSH_vd_party.csv,7857185,570b22b71ca8b287d4333776904b46ef27599589571ed5dccd1a3308f2d3979c,2026-08-10T07:37:13Z,"results.elections.org.za LGEPublicReports Downloadable Party Results per metro, via src/fetch_iec.py (all-metro sweep)"
data/raw/elections/_reports/lge2011_BUF_detailed_results.pdf,39015,714dbaa1d59db27b950be82e2da24bcc2728ad7666c96ce9076ff59bd900f8b2,2026-08-07T08:37:37Z,"results.elections.org.za LGEPublicReports/{402,1091,197}, via src/fetch_iec.py"
data/raw/elections/_reports/lge2011_BUF_downloadable_party_results.csv,1528272,6edc163187baed34d76129ba851cbb0aede6fb90097c1caaab132ede5825b459,2026-08-07T08:37:36Z,"results.elections.org.za LGEPublicReports/{402,1091,197}, via src/fetch_iec.py"
data/raw/elections/_reports/lge2011_BUF_seat_calculation_detail.pdf,39840,7590787bd538c3baf92bde0dcbb2ec1daf2cda4f669628e3c8b28579bd157ab5,2026-08-07T08:37:37Z,"results.elections.org.za LGEPublicReports/{402,1091,197}, via src/fetch_iec.py"
data/raw/elections/_reports/lge2011_BUF_seat_calculation_detail.xls,21067,f0cc8e3b23ec9fa2215167290ca9cdfb6b3a4b081e38b1d3ea03e15fa55e1ce3,2026-08-07T08:37:38Z,"results.elections.org.za LGEPublicReports/{402,1091,197}, via src/fetch_iec.py"
data/raw/elections/_reports/lge2011_BUF_voter_turnout.pdf,41959,7fe9c4be2e21d8ceed4b44729b304cab872c0f6f64c837c93a41d3aba619fe95,2026-08-07T08:37:38Z,"results.elections.org.za LGEPublicReports/{402,1091,197}, via src/fetch_iec.py"
data/raw/elections/_reports/lge2011_CPT_detailed_results.pdf,52857,e9fe77d127d3980903b5fc7ff2449917c50bae5716c3e242658a8c8f898638ca,2026-08-07T08:39:00Z,"results.elections.org.za LGEPublicReports/{402,1091,197}, via src/fetch_iec.py"
data/raw/elections/_reports/lge2011_CPT_downloadable_party_results.csv,13514476,c5de46f592935ecc3d3dd8d27ce55c0b5703063591132aa3caa803b48c10c5fc,2026-08-07T08:39:00Z,"results.elections.org.za LGEPublicReports/{402,1091,197}, via src/fetch_iec.py"
data/raw/elections/_reports/lge2011_CPT_seat_calculation_detail.pdf,53915,77e97cfb90361bf2d4ed5865060d9b06de06dcdbebfd58a76918b3ed10108db0,2026-08-07T08:39:01Z,"results.elections.org.za LGEPublicReports/{402,1091,197}, via src/fetch_iec.py"
data/raw/elections/_reports/lge2011_CPT_seat_calculation_detail.xls,37782,ee0acccf2a6377909bbd3409e90d2844949223d6157ee73ffe91da477303aa91,2026-08-07T08:39:01Z,"results.elections.org.za LGEPublicReports/{402,1091,197}, via src/fetch_iec.py"
data/raw/elections/_reports/lge2011_CPT_voter_turnout.pdf,56266,e5c477403901bf314dfd5328cffdc4b80c5b6268a176118f43487b74e26cdc8b,2026-08-07T08:39:02Z,"results.elections.org.za LGEPublicReports/{402,1091,197}, via src/fetch_iec.py"
data/raw/elections/_reports/lge2011_EKU_detailed_results.pdf,47114,29342fd79e998e1885bb0fb71b4d4d4143648dbadce0c482e45c680dd200a3bb,2026-08-07T08:36:57Z,"results.elections.org.za LGEPublicReports/{402,1091,197}, via src/fetch_iec.py"
data/raw/elections/_reports/lge2011_EKU_downloadable_party_results.csv,6637628,7b9d8b2902e159ccf447b55264d6206891509b76d282901ccf041c575781c364,2026-08-07T08:36:56Z,"results.elections.org.za LGEPublicReports/{402,1091,197}, via src/fetch_iec.py"
data/raw/elections/_reports/lge2011_EKU_seat_calculation_detail.pdf,47960,7e99610d4e378ddb5ed14b218e992d02d445d59706c050b35a64731bd99b328b,2026-08-07T08:36:57Z,"results.elections.org.za LGEPublicReports/{402,1091,197}, via src/fetch_iec.py"
data/raw/elections/_reports/lge2011_EKU_seat_calculation_detail.xls,30601,49c9ff9a6425b46780cab3232167f821db77a2e4cec097b0957f3041a39c8278,2026-08-07T08:36:58Z,"results.elections.org.za LGEPublicReports/{402,1091,197}, via src/fetch_iec.py"
data/raw/elections/_reports/lge2011_EKU_voter_turnout.pdf,54343,7fbf7487b1310a57984807ea588cda712a2326cebcac75eb76544b8ef9b7b9ae,2026-08-07T08:36:58Z,"results.elections.org.za LGEPublicReports/{402,1091,197}, via src/fetch_iec.py"
data/raw/elections/_reports/lge2011_ETH_detailed_results.pdf,44972,1e1974964d2ffa9ebee1f06cc0814231f13862628b393265f7c6270ac27f5bfc,2026-08-07T08:37:14Z,"results.elections.org.za LGEPublicReports/{402,1091,197}, via src/fetch_iec.py"
data/raw/elections/_reports/lge2011_ETH_downloadable_party_results.csv,7785588,091529e251c3a44491eb7fc04cc8a4a9b556a841d611acf10e1ebf1ce0a3bdd8,2026-08-07T08:37:14Z,"results.elections.org.za LGEPublicReports/{402,1091,197}, via src/fetch_iec.py"
data/raw/elections/_reports/lge2011_ETH_seat_calculation_detail.pdf,45461,ac8635add65a946ea4aeadfcf81f7027d16abf02853ce4e48cbb6448d09bb4e3,2026-08-07T08:37:15Z,"results.elections.org.za LGEPublicReports/{402,1091,197}, via src/fetch_iec.py"
data/raw/elections/_reports/lge2011_ETH_seat_calculation_detail.xls,26937,e8497ff7cd7e3e05496773c373b36008fd5b03eb58c81053df2def5e13b1339f,2026-08-07T08:37:15Z,"results.elections.org.za LGEPublicReports/{402,1091,197}, via src/fetch_iec.py"
data/raw/elections/_reports/lge2011_ETH_voter_turnout.pdf,54714,2d129787826e76f415a47de8c916cbfcc8e125e6c1d5de505c122af25bb94bf8,2026-08-07T08:37:16Z,"results.elections.org.za LGEPublicReports/{402,1091,197}, via src/fetch_iec.py"
data/raw/elections/_reports/lge2011_JHB_detailed_results.pdf,46163,8d4b7ff346fa8793e368e253cf2302e154026f6375533d9682af4b702a1a1f20,2026-08-31T20:39:54Z,"results.elections.org.za LGEPublicReports/{402,1091,197}, via src/fetch_iec.py"
data/raw/elections/_reports/lge2011_JHB_downloadable_party_results.csv,9099038,43e5953001a377bf2f29672634db1347b930d0ffd84dc88a3e405f4209565c22,2026-08-31T20:39:53Z,"results.elections.org.za LGEPublicReports/{402,1091,197}, via src/fetch_iec.py"
data/raw/elections/_reports/lge2011_JHB_seat_calculation_detail.pdf,47455,4f5735cf035b11c62e027cf82174764bf19812e20a1027671374828f6443e216,2026-08-31T20:39:54Z,"results.elections.org.za LGEPublicReports/{402,1091,197}, via src/fetch_iec.py"
data/raw/elections/_reports/lge2011_JHB_seat_calculation_detail.xls,29784,01bbd2c909a33d16e37c91a5e72c2545d0e5ddfad1195823a57cd2d24d79540a,2026-08-31T20:39:55Z,"results.elections.org.za LGEPublicReports/{402,1091,197}, via src/fetch_iec.py"
data/raw/elections/_reports/lge2011_JHB_voter_turnout.pdf,61002,19a51cf91657c0a0b7bd97914c153663e23212dc31053b7514b15cc1281e8201,2026-08-31T20:39:55Z,"results.elections.org.za LGEPublicReports/{402,1091,197}, via src/fetch_iec.py"
data/raw/elections/_reports/lge2011_MAN_detailed_results.pdf,39913,fe47495b54072a6b72ef76e2a593ad39da9552417468f67c69007e974ed20be2,2026-08-07T08:37:22Z,"results.elections.org.za LGEPublicReports/{402,1091,197}, via src/fetch_iec.py"
data/raw/elections/_reports/lge2011_MAN_downloadable_party_results.csv,1548582,e40dcc675df3a137b73bc6d23be66d53ba4ca99964218f61229080736a664df2,2026-08-07T08:37:22Z,"results.elections.org.za LGEPublicReports/{402,1091,197}, via src/fetch_iec.py"
data/raw/elections/_reports/lge2011_MAN_seat_calculation_detail.pdf,40913,6d962787f4735cb2e9a508ba6bb57ef045ccbf587866701be9a2c86a5039868e,2026-08-07T08:37:23Z,"results.elections.org.za LGEPublicReports/{402,1091,197}, via src/fetch_iec.py"
data/raw/elections/_reports/lge2011_MAN_seat_calculation_detail.xls,22389,2e3e0e85af3bd269d791c72ba6d044c4c16699cf7c029afc285b2fca27453dfc,2026-08-07T08:37:23Z,"results.elections.org.za LGEPublicReports/{402,1091,197}, via src/fetch_iec.py"
data/raw/elections/_reports/lge2011_MAN_voter_turnout.pdf,41817,7af2bc798347ab971081bae0765ab814705e054f94227660898cab32baa46c86,2026-08-07T08:37:24Z,"results.elections.org.za LGEPublicReports/{402,1091,197}, via src/fetch_iec.py"
data/raw/elections/_reports/lge2011_NMA_detailed_results.pdf,41163,6e7a6350f3eee2da7320890b85956c5186b711975c954bafe169e6b847148171,2026-08-07T08:38:51Z,"results.elections.org.za LGEPublicReports/{402,1091,197}, via src/fetch_iec.py"
data/raw/elections/_reports/lge2011_NMA_downloadable_party_results.csv,1972346,1504c56a5694955a75e91348b92427f35a0e83c565ad451ec5a0126573ab0d7f,2026-08-07T08:38:51Z,"results.elections.org.za LGEPublicReports/{402,1091,197}, via src/fetch_iec.py"
data/raw/elections/_reports/lge2011_NMA_seat_calculation_detail.pdf,41898,ffd399ed170534b0fb7a0f243e62224aadbd2f653c055418feeb3e6ef0d48a24,2026-08-07T08:38:52Z,"results.elections.org.za LGEPublicReports/{402,1091,197}, via src/fetch_iec.py"
data/raw/elections/_reports/lge2011_NMA_seat_calculation_detail.xls,24442,386960a7a4f783e789ae9f9007726604e2ad22737bdb66dd5db4c552d082f88d,2026-08-07T08:38:52Z,"results.elections.org.za LGEPublicReports/{402,1091,197}, via src/fetch_iec.py"
data/raw/elections/_reports/lge2011_NMA_voter_turnout.pdf,43985,a7e2aae10474043839e6536a0ebbb07bd682d18f111564ee2d09a0909998dfa3,2026-08-07T08:38:53Z,"results.elections.org.za LGEPublicReports/{402,1091,197}, via src/fetch_iec.py"
data/raw/elections/_reports/lge2011_TSH_detailed_results.pdf,44930,f372338902df9976861d0ad865fc36c74df9fd5d2b9ad096a0ca6ff238b7010b,2026-08-07T08:35:13Z,"results.elections.org.za LGEPublicReports/{402,1091,197}, via src/fetch_iec.py"
data/raw/elections/_reports/lge2011_TSH_downloadable_party_results.csv,6294534,3f1ba3270f24bbde48a7ade238851c0fbb67c0172496dd418e351a642814a255,2026-08-07T08:35:13Z,"results.elections.org.za LGEPublicReports/{402,1091,197}, via src/fetch_iec.py"
data/raw/elections/_reports/lge2011_TSH_seat_calculation_detail.pdf,45913,3e63578b0ca335bd88d27124a14ee9e723d92b2ed2848f93297fb90d69328088,2026-08-07T08:35:13Z,"results.elections.org.za LGEPublicReports/{402,1091,197}, via src/fetch_iec.py"
data/raw/elections/_reports/lge2011_TSH_seat_calculation_detail.xls,27821,50f11e6ef935a17a2bbdf750457ce86a018be0e899a744cbde5c0e01e86d8ca8,2026-08-07T08:35:14Z,"results.elections.org.za LGEPublicReports/{402,1091,197}, via src/fetch_iec.py"
data/raw/elections/_reports/lge2011_TSH_voter_turnout.pdf,55084,4a02248e2a627d43945b4a0b2b8c637be4313502779389e5ed0cd8596051101b,2026-08-07T08:35:14Z,"results.elections.org.za LGEPublicReports/{402,1091,197}, via src/fetch_iec.py"
data/raw/elections/_reports/lge2016_BUF_detailed_results.pdf,20302,0e84a4d157cdc726ad52a9d37dc1f21191d5925f11a9d49554d8a9a685ca7015,2026-08-07T08:37:39Z,"results.elections.org.za LGEPublicReports/{402,1091,197}, via src/fetch_iec.py"
data/raw/elections/_reports/lge2016_BUF_downloadable_party_results.csv,1003538,ec07a58f27492c4a9815ddcef06e8c91a52bc357abafe559e9a33538cfabbaca,2026-08-07T08:37:39Z,"results.elections.org.za LGEPublicReports/{402,1091,197}, via src/fetch_iec.py"
data/raw/elections/_reports/lge2016_BUF_seat_calculation_detail.pdf,16199,79b9e950adea7dda51a07ed909b2752a504c660a6178cac439904ab3bd90cc79,2026-08-07T08:37:40Z,"results.elections.org.za LGEPublicReports/{402,1091,197}, via src/fetch_iec.py"
data/raw/elections/_reports/lge2016_BUF_seat_calculation_detail.xls,24448,f12329d3a254cd965449a8a44d2f4e5029f52fa5ef31275418206c6983fb03d3,2026-08-07T08:37:40Z,"results.elections.org.za LGEPublicReports/{402,1091,197}, via src/fetch_iec.py"
data/raw/elections/_reports/lge2016_BUF_voter_turnout.pdf,18916,82468308c74d48d802a619a90877639ca18fec35ceffa4c443d407cf7a571ba6,2026-08-07T08:37:41Z,"results.elections.org.za LGEPublicReports/{402,1091,197}, via src/fetch_iec.py"
data/raw/elections/_reports/lge2016_CPT_detailed_results.pdf,39696,dde0751fc0f30a0b518ef96f686271f56243df14e99cbea40748a9e9b25edf78,2026-08-07T08:39:03Z,"results.elections.org.za LGEPublicReports/{402,1091,197}, via src/fetch_iec.py"
data/raw/elections/_reports/lge2016_CPT_downloadable_party_results.csv,6726754,f490133b59adbe8e0300ff766ab3990e390b2160af97ccf882bfb9d76f0ea3ce,2026-08-07T08:39:03Z,"results.elections.org.za LGEPublicReports/{402,1091,197}, via src/fetch_iec.py"
data/raw/elections/_reports/lge2016_CPT_seat_calculation_detail.pdf,30822,a28683edb1f835040e5cd21230008bcbcf5bba61f4b22520e8266a536e73dd42,2026-08-07T08:39:04Z,"results.elections.org.za LGEPublicReports/{402,1091,197}, via src/fetch_iec.py"
data/raw/elections/_reports/lge2016_CPT_seat_calculation_detail.xls,32640,5bde1261716933fca545aa48d115dfb5e071b612b91b79fd9fbe9501344fb256,2026-08-07T08:39:04Z,"results.elections.org.za LGEPublicReports/{402,1091,197}, via src/fetch_iec.py"
data/raw/elections/_reports/lge2016_CPT_voter_turnout.pdf,33235,d85f49e761a9a360756905b0d923fe5fed65b970c15b9b4928faa1a215c74bb7,2026-08-07T08:39:04Z,"results.elections.org.za LGEPublicReports/{402,1091,197}, via src/fetch_iec.py"
data/raw/elections/_reports/lge2016_EKU_detailed_results.pdf,30713,cd3d421cc1193886c4940e093e2936a59202d9ad965bc1c385f3268f32b42d1e,2026-08-07T08:36:59Z,"results.elections.org.za LGEPublicReports/{402,1091,197}, via src/fetch_iec.py"
data/raw/elections/_reports/lge2016_EKU_downloadable_party_results.csv,3235448,8625913a65a3e48af94c02a03b00297e64ade4899fb52bafecb982cf01e2b340,2026-08-07T08:36:59Z,"results.elections.org.za LGEPublicReports/{402,1091,197}, via src/fetch_iec.py"
data/raw/elections/_reports/lge2016_EKU_seat_calculation_detail.pdf,24701,27e04a5d8133b2aed20025cddf657525d37d6595a852486402e750b40d1a0c69,2026-08-07T08:37:00Z,"results.elections.org.za LGEPublicReports/{402,1091,197}, via src/fetch_iec.py"
data/raw/elections/_reports/lge2016_EKU_seat_calculation_detail.xls,24448,7904dd86c1f1f81e3edc69bc30f8addb0a429234e1ce0c493ad7272d29b99d6f,2026-08-07T08:37:00Z,"results.elections.org.za LGEPublicReports/{402,1091,197}, via src/fetch_iec.py"
data/raw/elections/_reports/lge2016_EKU_voter_turnout.pdf,32526,2819e03707d4a06909cb8bda841bf46948e41a5829dbe1c59c8acdc9b78b9f58,2026-08-07T08:37:01Z,"results.elections.org.za LGEPublicReports/{402,1091,197}, via src/fetch_iec.py"
data/raw/elections/_reports/lge2016_ETH_detailed_results.pdf,31989,4ef21322c8e1635ba037bc67444e877f1cfa3bbfb780020b31e419fb6f38f1fa,2026-08-07T08:37:17Z,"results.elections.org.za LGEPublicReports/{402,1091,197}, via src/fetch_iec.py"
data/raw/elections/_reports/lge2016_ETH_downloadable_party_results.csv,5720860,b86f89b9a760d3bd44d4d4e3e7fd681baae1c294c6435ecd6fa54f1e1aec9fbf,2026-08-07T08:37:17Z,"results.elections.org.za LGEPublicReports/{402,1091,197}, via src/fetch_iec.py"
data/raw/elections/_reports/lge2016_ETH_seat_calculation_detail.pdf,25521,4be55478506970bb5ee7f50f144055adc7722b0ef3a1f070411bcb89e313e5f1,2026-08-07T08:37:17Z,"results.elections.org.za LGEPublicReports/{402,1091,197}, via src/fetch_iec.py"
data/raw/elections/_reports/lge2016_ETH_seat_calculation_detail.xls,24448,a153306c2012f03c41d98e3fef4d5c2c9e1528312b0cc3a09e59b54e5f4652eb,2026-08-07T08:37:18Z,"results.elections.org.za LGEPublicReports/{402,1091,197}, via src/fetch_iec.py"
data/raw/elections/_reports/lge2016_ETH_voter_turnout.pdf,32269,0f514a2f2b78a8ff6d698ca0cf5787d86de3c4ec4f4b5a1b351078a6b8f1e31c,2026-08-07T08:37:18Z,"results.elections.org.za LGEPublicReports/{402,1091,197}, via src/fetch_iec.py"
data/raw/elections/_reports/lge2016_JHB_detailed_results.pdf,32042,0517fde306c17fdd9f0de5186ca41e0adffa562b5cf71d3dbd148edc08cf16c6,2026-08-31T20:39:56Z,"results.elections.org.za LGEPublicReports/{402,1091,197}, via src/fetch_iec.py"
data/raw/elections/_reports/lge2016_JHB_downloadable_party_results.csv,4737374,bcb4cd8b212ad2c8ef41009391e9719aaa5846597829108acebb370b7d3409ad,2026-08-31T20:39:56Z,"results.elections.org.za LGEPublicReports/{402,1091,197}, via src/fetch_iec.py"
data/raw/elections/_reports/lge2016_JHB_seat_calculation_detail.pdf,25097,a050498a6d040f36d875bee32d494c0ab06a07cc466a47745d3f14d67fa6b553,2026-08-31T20:39:57Z,"results.elections.org.za LGEPublicReports/{402,1091,197}, via src/fetch_iec.py"
data/raw/elections/_reports/lge2016_JHB_seat_calculation_detail.xls,24448,a17cab050f68094dfbfeeae0c355a861d800152d59c0c1d5ff6c6ecda044c7da,2026-08-31T20:39:57Z,"results.elections.org.za LGEPublicReports/{402,1091,197}, via src/fetch_iec.py"
data/raw/elections/_reports/lge2016_JHB_voter_turnout.pdf,37952,e8e52ec30466e03f2152baa3b5b10bd97cfb02fd6462939f44d5dea4163701f7,2026-08-31T20:39:58Z,"results.elections.org.za LGEPublicReports/{402,1091,197}, via src/fetch_iec.py"
data/raw/elections/_reports/lge2016_MAN_detailed_results.pdf,22259,2fbc0f81fdc935594e6cd5c2e3539f8506151c20e426f76c228de4df4135018d,2026-08-07T08:37:25Z,"results.elections.org.za LGEPublicReports/{402,1091,197}, via src/fetch_iec.py"
data/raw/elections/_reports/lge2016_MAN_downloadable_party_results.csv,1239362,16bea7493b86716d9ec4a3267feb6b6e65d53274e000f73f28b6778b801dd37e,2026-08-07T08:37:24Z,"results.elections.org.za LGEPublicReports/{402,1091,197}, via src/fetch_iec.py"
data/raw/elections/_reports/lge2016_MAN_seat_calculation_detail.pdf,19320,b71f7b2283110a9cd312e409e4ad103ed487b10ee92d07be6f4d8aaeb6090ecc,2026-08-07T08:37:25Z,"results.elections.org.za LGEPublicReports/{402,1091,197}, via src/fetch_iec.py"
data/raw/elections/_reports/lge2016_MAN_seat_calculation_detail.xls,24448,8ef53842965f4c6005dcfc2b8c8e93cdba9ca90c007305755f5e31f053f10e63,2026-08-07T08:37:26Z,"results.elections.org.za LGEPublicReports/{402,1091,197}, via src/fetch_iec.py"
data/raw/elections/_reports/lge2016_MAN_voter_turnout.pdf,18930,63b7b856139f10f34be33551cd119db868637d37531c65fecbbfbeb0beafa3ca,2026-08-07T08:37:26Z,"results.elections.org.za LGEPublicReports/{402,1091,197}, via src/fetch_iec.py"
data/raw/elections/_reports/lge2016_NMA_detailed_results.pdf,26741,cb7dcfd8e4ef22f04e22eb4c64e599435e8e03f95858f338c55fcdf47cc7adab,2026-08-07T08:38:54Z,"results.elections.org.za LGEPublicReports/{402,1091,197}, via src/fetch_iec.py"
data/raw/elections/_reports/lge2016_NMA_downloadable_party_results.csv,1215079,ecfbfdb1ec0f05126dd4482f25f8d3e7d9a7ef3b35889c3a9ed02060212657a0,2026-08-07T08:38:53Z,"results.elections.org.za LGEPublicReports/{402,1091,197}, via src/fetch_iec.py"
data/raw/elections/_reports/lge2016_NMA_seat_calculation_detail.pdf,21015,ccb87e464ea589bd75b0675c0221754651ea8c6ec05929566e12d72b52b1615f,2026-08-07T08:38:54Z,"results.elections.org.za LGEPublicReports/{402,1091,197}, via src/fetch_iec.py"
data/raw/elections/_reports/lge2016_NMA_seat_calculation_detail.xls,24448,7364e8afce6ed09da7fb5eca02b399860c234b3bc0d78e94640bc621f063b88c,2026-08-07T08:38:54Z,"results.elections.org.za LGEPublicReports/{402,1091,197}, via src/fetch_iec.py"
data/raw/elections/_reports/lge2016_NMA_voter_turnout.pdf,20773,aa4b10eff28921bdf1f9f1b8888d31c324684b0c0e87e0428fb0607ab784a354,2026-08-07T08:38:55Z,"results.elections.org.za LGEPublicReports/{402,1091,197}, via src/fetch_iec.py"
data/raw/elections/_reports/lge2016_TSH_detailed_results.pdf,27949,e38cfbcfafd4455343d6bbeb96bc88ca4895dbd0b493d108bf50be496cfc9dab,2026-08-07T08:35:16Z,"results.elections.org.za LGEPublicReports/{402,1091,197}, via src/fetch_iec.py"
data/raw/elections/_reports/lge2016_TSH_downloadable_party_results.csv,3437681,628cef1a891c7dfd2fd392cbbc62d452ef5175746c43df18fb48e22e0bf103b0,2026-08-07T08:35:15Z,"results.elections.org.za LGEPublicReports/{402,1091,197}, via src/fetch_iec.py"
data/raw/elections/_reports/lge2016_TSH_seat_calculation_detail.pdf,21817,fb47e665fb646e97c7f8e56ec9044f41fbd75b8ebfd34af4d1c9ab6aa8742fa6,2026-08-07T08:35:16Z,"results.elections.org.za LGEPublicReports/{402,1091,197}, via src/fetch_iec.py"
data/raw/elections/_reports/lge2016_TSH_seat_calculation_detail.xls,24448,f4b7cc3423faf59c0a0349a3d023f1e38911ad5d35b7bb283fabf4b54f4c4caf,2026-08-07T08:35:16Z,"results.elections.org.za LGEPublicReports/{402,1091,197}, via src/fetch_iec.py"
data/raw/elections/_reports/lge2016_TSH_voter_turnout.pdf,31685,1566fb8bfc2417a7ba0f1fcd8e7925607b1957b486c5a0128b2b2600ac2ebacc,2026-08-07T08:35:17Z,"results.elections.org.za LGEPublicReports/{402,1091,197}, via src/fetch_iec.py"
data/raw/elections/_reports/lge2021_BUF_detailed_results.pdf,31934,f6926ad90c667c59718772d40ffd8392d03863ed0a29f0cf2453c6583792e009,2026-08-07T08:37:42Z,"results.elections.org.za LGEPublicReports/{402,1091,197}, via src/fetch_iec.py"
data/raw/elections/_reports/lge2021_BUF_downloadable_party_results.csv,2143452,7413b07222ae64076c81302d9a1a4606d40174ebf20ba0104e2c16ba1806ddd5,2026-08-07T08:37:41Z,"results.elections.org.za LGEPublicReports/{402,1091,197}, via src/fetch_iec.py"
data/raw/elections/_reports/lge2021_BUF_seat_calculation_detail.pdf,24997,c9fabaccfe87de384e47dbe7134d339976977004184bf326950f89c4da28cc43,2026-08-07T08:37:42Z,"results.elections.org.za LGEPublicReports/{402,1091,197}, via src/fetch_iec.py"
data/raw/elections/_reports/lge2021_BUF_seat_calculation_detail.xls,24512,24063cbe7e2e4e6b2231615c9e74800efdd8d594d01a1e8864f05a00caae6eac,2026-08-07T08:37:43Z,"results.elections.org.za LGEPublicReports/{402,1091,197}, via src/fetch_iec.py"
data/raw/elections/_reports/lge2021_BUF_voter_turnout.pdf,196595,6cd6d11d3fe7e4229b35c8ba96a2d01cd5d9337e5cb4b3493f3b38d81347a793,2026-08-07T08:37:43Z,"results.elections.org.za LGEPublicReports/{402,1091,197}, via src/fetch_iec.py"
data/raw/elections/_reports/lge2021_CPT_detailed_results.pdf,52889,b1ba491df055be0e0ce8e2327bdb996b35f5a8710e010ae93c8d671c53bfbc76,2026-08-07T08:39:06Z,"results.elections.org.za LGEPublicReports/{402,1091,197}, via src/fetch_iec.py"
data/raw/elections/_reports/lge2021_CPT_downloadable_party_results.csv,9894016,2fbc2cf33a6bab2aa37c671faac720a143bd5d3f45f864ace131a0b037ce5b6b,2026-08-07T08:39:05Z,"results.elections.org.za LGEPublicReports/{402,1091,197}, via src/fetch_iec.py"
data/raw/elections/_reports/lge2021_CPT_seat_calculation_detail.pdf,38115,475dece8ba897c2d52a42f70bbd6e7f2e21bae169e4e83444335189b4756a364,2026-08-07T08:39:06Z,"results.elections.org.za LGEPublicReports/{402,1091,197}, via src/fetch_iec.py"
data/raw/elections/_reports/lge2021_CPT_seat_calculation_detail.xls,40896,127276bcba8a1e00faf2fbd191e236d32e9f5dd41860500c7b1de49352cfa01d,2026-08-07T08:39:07Z,"results.elections.org.za LGEPublicReports/{402,1091,197}, via src/fetch_iec.py"
data/raw/elections/_reports/lge2021_CPT_voter_turnout.pdf,245400,53d24205fbd6efa2dec67e25b57c33ef69c9b84d3ab1c347a58dc078fa475835,2026-08-07T08:39:09Z,"results.elections.org.za LGEPublicReports/{402,1091,197}, via src/fetch_iec.py"
data/raw/elections/_reports/lge2021_EKU_detailed_results.pdf,40388,7b6cae34e50a6dbe97db2d70840a406ff4ff597aab76968086fc4dcdc0e4cfe5,2026-08-07T08:37:02Z,"results.elections.org.za LGEPublicReports/{402,1091,197}, via src/fetch_iec.py"
data/raw/elections/_reports/lge2021_EKU_downloadable_party_results.csv,5222603,89f240e3f25c33f3a64fac0fd64740f1b8271cad20081ef050ca89d37a09b898,2026-08-07T08:37:01Z,"results.elections.org.za LGEPublicReports/{402,1091,197}, via src/fetch_iec.py"
data/raw/elections/_reports/lge2021_EKU_seat_calculation_detail.pdf,30840,373c162be7862cff3c88d864f3157bbc0f6c19112794a3c523194c05bb4d24e9,2026-08-07T08:37:02Z,"results.elections.org.za LGEPublicReports/{402,1091,197}, via src/fetch_iec.py"
data/raw/elections/_reports/lge2021_EKU_seat_calculation_detail.xls,32704,d2fc3eafc5094977296d363b955b3401f99af86dc24406407848517f933860b5,2026-08-07T08:37:03Z,"results.elections.org.za LGEPublicReports/{402,1091,197}, via src/fetch_iec.py"
data/raw/elections/_reports/lge2021_EKU_voter_turnout.pdf,239564,46baa8cfe90e039da4c7d17d9e205f12d15f20ff26a917c995d37c27638a1ec6,2026-08-07T08:37:03Z,"results.elections.org.za LGEPublicReports/{402,1091,197}, via src/fetch_iec.py"
data/raw/elections/_reports/lge2021_ETH_detailed_results.pdf,52716,a4c06155c68cadf1a6cb8a8c853384ecb4f5109d334c8aa8f8b0ac7cb08235e1,2026-08-07T08:37:20Z,"results.elections.org.za LGEPublicReports/{402,1091,197}, via src/fetch_iec.py"
data/raw/elections/_reports/lge2021_ETH_downloadable_party_results.csv,10713476,51657391e9844d44f82026a70675bb03f12b34abe995bb09d49cea3529e4fc03,2026-08-07T08:37:19Z,"results.elections.org.za LGEPublicReports/{402,1091,197}, via src/fetch_iec.py"
data/raw/elections/_reports/lge2021_ETH_seat_calculation_detail.pdf,37822,a80500ff933076cc15c4a8a5e465239035a23ade1c6f463e950a0b438dae0bfb,2026-08-07T08:37:20Z,"results.elections.org.za LGEPublicReports/{402,1091,197}, via src/fetch_iec.py"
data/raw/elections/_reports/lge2021_ETH_seat_calculation_detail.xls,40896,2b3e5504802522b44586dc96852a217c7b46d05c6167ea3b4608fd266cc1df9d,2026-08-07T08:37:21Z,"results.elections.org.za LGEPublicReports/{402,1091,197}, via src/fetch_iec.py"
data/raw/elections/_reports/lge2021_ETH_voter_turnout.pdf,238568,d1f144366d697a3d81da878557061bc6ffcbf7d19790d3f78d108dab732d0fc5,2026-08-07T08:37:21Z,"results.elections.org.za LGEPublicReports/{402,1091,197}, via src/fetch_iec.py"
data/raw/elections/_reports/lge2021_JHB_detailed_results.pdf,54619,c020d9076fe57b3cecbc0f0c6dd2223678d1de3e2e8994cd8d4eb856a9b079f1,2026-08-31T20:39:59Z,"results.elections.org.za LGEPublicReports/{402,1091,197}, via src/fetch_iec.py"
data/raw/elections/_reports/lge2021_JHB_downloadable_party_results.csv,10295882,c5d62e45e0f15b933475d6d26c85f50db6b7561abe1c07642db71256bbcc0302,2026-08-31T20:39:58Z,"results.elections.org.za LGEPublicReports/{402,1091,197}, via src/fetch_iec.py"
data/raw/elections/_reports/lge2021_JHB_seat_calculation_detail.pdf,39584,0beef4c1e9f2f9a967383a1d77413fcb4750772d381519cb60fe9542e10e3e76,2026-08-31T20:39:59Z,"results.elections.org.za LGEPublicReports/{402,1091,197}, via src/fetch_iec.py"
data/raw/elections/_reports/lge2021_JHB_seat_calculation_detail.xls,40896,c22277bec10782c379bbc88ab6e6b1d69f8606bbc5aeda4c95168a9c9ab16cd0,2026-08-31T20:40:00Z,"results.elections.org.za LGEPublicReports/{402,1091,197}, via src/fetch_iec.py"
data/raw/elections/_reports/lge2021_JHB_voter_turnout.pdf,257403,71d9a49f34cbd61ce4f0ffdc5dad30aef4ae91aaab2562ea160c077886decf2d,2026-08-31T20:40:00Z,"results.elections.org.za LGEPublicReports/{402,1091,197}, via src/fetch_iec.py"
data/raw/elections/_reports/lge2021_MAN_detailed_results.pdf,29408,fc5e88f306793a6cdc1a11b4334a71082e2d6c7fc24812008ee3c3c6f390a3ea,2026-08-07T08:37:27Z,"results.elections.org.za LGEPublicReports/{402,1091,197}, via src/fetch_iec.py"
data/raw/elections/_reports/lge2021_MAN_downloadable_party_results.csv,1965193,be9f502fadfb015c67ff58b73863990f686818dd7c30ec5f1b0c8272cb169e99,2026-08-07T08:37:27Z,"results.elections.org.za LGEPublicReports/{402,1091,197}, via src/fetch_iec.py"
data/raw/elections/_reports/lge2021_MAN_seat_calculation_detail.pdf,23822,d886356e3367f563f7f08a79d5a98c98364380d61cc233ca7c13878fc84e9677,2026-08-07T08:37:28Z,"results.elections.org.za LGEPublicReports/{402,1091,197}, via src/fetch_iec.py"
data/raw/elections/_reports/lge2021_MAN_seat_calculation_detail.xls,24512,6fcd939cb2c59261c2cd8466182f0219ca6d2ad9c190a29cf4d20eb2e065891b,2026-08-07T08:37:28Z,"results.elections.org.za LGEPublicReports/{402,1091,197}, via src/fetch_iec.py"
data/raw/elections/_reports/lge2021_MAN_voter_turnout.pdf,197062,5b941fd1ad57f871d432ab32ebb9a6081904285c107eb28b5f00b09b00dc149a,2026-08-07T08:37:29Z,"results.elections.org.za LGEPublicReports/{402,1091,197}, via src/fetch_iec.py"
data/raw/elections/_reports/lge2021_NMA_detailed_results.pdf,32604,1bd765aa7ec630a38bc56b8e75cc6961a727d2e63ad9064da7896cfc7b1164f3,2026-08-07T08:38:56Z,"results.elections.org.za LGEPublicReports/{402,1091,197}, via src/fetch_iec.py"
data/raw/elections/_reports/lge2021_NMA_downloadable_party_results.csv,1849140,c8c283808cb719ef58cea3e6649f1e0704f8ff503949070458aef2b44e9164ee,2026-08-07T08:38:56Z,"results.elections.org.za LGEPublicReports/{402,1091,197}, via src/fetch_iec.py"
data/raw/elections/_reports/lge2021_NMA_seat_calculation_detail.pdf,25887,1fbed7e7263bb2a0b6a7b4172bfefc1dbd74edd8f71e490fa79bd2e47bee1b88,2026-08-07T08:38:57Z,"results.elections.org.za LGEPublicReports/{402,1091,197}, via src/fetch_iec.py"
data/raw/elections/_reports/lge2021_NMA_seat_calculation_detail.xls,32704,40dd7477fc237f01043da54a18a446b7c853df85a11b1cf542472e4a353cc194,2026-08-07T08:38:57Z,"results.elections.org.za LGEPublicReports/{402,1091,197}, via src/fetch_iec.py"
data/raw/elections/_reports/lge2021_NMA_voter_turnout.pdf,203652,ec68229c07e68f2ff92d85f531d7265981e2ddb7c4d665949910e4ae3ed27673,2026-08-07T08:38:58Z,"results.elections.org.za LGEPublicReports/{402,1091,197}, via src/fetch_iec.py"
data/raw/elections/_reports/lge2021_TSH_detailed_results.pdf,50726,e826837bf8195b32210d50ee9cd9297e9d758b2c0e0bb951e0ee3207f697499f,2026-08-07T08:35:18Z,"results.elections.org.za LGEPublicReports/{402,1091,197}, via src/fetch_iec.py"
data/raw/elections/_reports/lge2021_TSH_downloadable_party_results.csv,7857185,570b22b71ca8b287d4333776904b46ef27599589571ed5dccd1a3308f2d3979c,2026-08-07T08:35:18Z,"results.elections.org.za LGEPublicReports/{402,1091,197}, via src/fetch_iec.py"
data/raw/elections/_reports/lge2021_TSH_seat_calculation_detail.pdf,36091,f04138ee23cc6553300e9ac46faa6556250cc3498c755124545a634cd0ee3b81,2026-08-07T08:35:18Z,"results.elections.org.za LGEPublicReports/{402,1091,197}, via src/fetch_iec.py"
data/raw/elections/_reports/lge2021_TSH_seat_calculation_detail.xls,32704,737c1ca6a4edf10b32339b9f67ef765eb1a1ba0bf2bda327867f5b672ba22762,2026-08-07T08:35:19Z,"results.elections.org.za LGEPublicReports/{402,1091,197}, via src/fetch_iec.py"
data/raw/elections/_reports/lge2021_TSH_voter_turnout.pdf,236145,9bf9843e0d1af781de7b485cd9d3c835d5c1bad6fe0c511f731f4cd1f38d5bca,2026-08-07T08:35:19Z,"results.elections.org.za LGEPublicReports/{402,1091,197}, via src/fetch_iec.py"
data/raw/elections/_reports/npe2009_prov_JHB_detailed.pdf,10840,868caf5784cf9ab34dcf8b1c30610b0dfa0bf54fda79d40c0e10a096d5142905,2026-08-09T11:37:14Z,"results.elections.org.za LGEPublicReports/{402,1091,197}, via src/fetch_iec.py"
data/raw/elections/_source/1999_npe.zip,2945157,985ac3bfba844851af931c70d8798b36c1cd6513f8d4274a5036acfaab029981,2026-08-09T11:38:40Z,"elections.org.za/content/uploadedfiles/{YYYY}%20{NPE|LGE}.zip — unlinked national bulk export, archived 2026-08-09/10"
data/raw/elections/_source/2000_lge.zip,1712579,179d7258d66730d0f7954a923e2ca181f258c65b488971b3bb7d989d036a5ced,2026-08-09T11:38:41Z,"elections.org.za/content/uploadedfiles/{YYYY}%20{NPE|LGE}.zip — unlinked national bulk export, archived 2026-08-09/10"
data/raw/elections/_source/2004_npe.zip,4012589,c6a5cb39f3c4316a8a430d5f771be466ace4d89ae9983a7b8998f3924222c59e,2026-08-09T11:38:40Z,"elections.org.za/content/uploadedfiles/{YYYY}%20{NPE|LGE}.zip — unlinked national bulk export, archived 2026-08-09/10"
data/raw/elections/_source/2006_lge.zip,2866931,42785a46247f1bad9acaf9dff068c69e03f961d1d3051b93b4b5463a20514528,2026-08-09T11:38:41Z,"elections.org.za/content/uploadedfiles/{YYYY}%20{NPE|LGE}.zip — unlinked national bulk export, archived 2026-08-09/10"
data/raw/elections/_source/2011_lge.zip,3544022,19e54362f18b270da0c90211885a198698284b40bb657087078bf68a667cb091,2026-08-09T22:24:34Z,"elections.org.za/content/uploadedfiles/{YYYY}%20{NPE|LGE}.zip — unlinked national bulk export, archived 2026-08-09/10"
data/raw/elections/_source/lge2016_JHB_seats.pdf,25097,a050498a6d040f36d875bee32d494c0ab06a07cc466a47745d3f14d67fa6b553,2026-08-01T06:44:05Z,results.elections.org.za LGEPublicReports/402/Seat Calculation Detail/GP/JHB.pdf
data/raw/elections/_source/lge2016_national_vd_results.zip,3794857,9ec0c4054e8e26530d83bd48b50874fd5a8d013d9fb490599f27ee9ce3e09dd8,2026-08-02T00:27:43Z,"elections.org.za Downloadable-results, 2016 LGE complete VD-level (zipped CSV)"
data/raw/elections/_source/lge2021_JHB_detailed.pdf,54619,c020d9076fe57b3cecbc0f0c6dd2223678d1de3e2e8994cd8d4eb856a9b079f1,2026-08-01T06:44:05Z,results.elections.org.za LGEPublicReports/1091/Detailed Results/GP/JHB.pdf
data/raw/elections/_source/lge2021_JHB_seats.pdf,39584,0beef4c1e9f2f9a967383a1d77413fcb4750772d381519cb60fe9542e10e3e76,2026-08-01T06:44:05Z,results.elections.org.za LGEPublicReports/1091/Seat Calculation Detail/GP/JHB.pdf
data/raw/elections/_source/npe2009_national_and_provincial.zip,5550741,75c6cf58647e7e891d22c4913aeb46b1a93e2942288a896037a817a1ea19a546,2026-08-09T11:37:14Z,"elections.org.za/content/uploadedfiles/{YYYY}%20{NPE|LGE}.zip — unlinked national bulk export, archived 2026-08-09/10"
data/raw/elections/_source/npe2014_national_and_provincial.zip,7055916,5a70e4d56646e7521b184457740f7c07e5be0ca22035b6143292052176974bfe,2026-08-01T04:41:07Z,"elections.org.za Downloadable-results, 2014 NPE complete VD-level (zipped CSV)"
data/raw/elections/_source/npe2019_provincial_national.zip,4032314,bf75dc4682b7f8b2fc9f4a3455ae126fa2e7764badf66d04272779bf1fd5d791,2026-08-01T04:41:07Z,results.elections.org.za NPEPublicReports/827/Downloadable Results/Provincial.zip
data/raw/elections/_source/npe2024_provincial_national.zip,4171034,bc09f835e155a7119595fecf0d2304b37a8be156446e18596ba66d3f9b4885ab,2026-08-01T04:41:07Z,results.elections.org.za NPEPublicReports/1335/Downloadable Results/Provincial.zip
data/raw/elections/lge2000_BUF_vd_party_clean.csv,258477,76e6dd56b764a2d6aa0b833e1f38e3a5ec5f12cfe61a6e7717e5b45793b343f9,2026-08-31T20:35:16Z,derived: src/ingest_lge.py
data/raw/elections/lge2000_CPT_vd_party_clean.csv,1504895,1e3df37c19b8a3aa1ffbf22fa92c158464d9a7a269b519ea74efda78a51ce23e,2026-08-31T20:35:14Z,derived: src/ingest_lge.py
data/raw/elections/lge2000_EKU_vd_party_clean.csv,1224282,a49ee5624921dbe265f06b30524af57765af1b8860a946f8d6e099420c511ed7,2026-08-31T20:35:03Z,derived: src/ingest_lge.py
data/raw/elections/lge2000_ETH_vd_party_clean.csv,1540457,8b760418f9dc803302ce74dc16011fd217039d683c31592fdaae0af11efec544,2026-08-31T20:35:03Z,derived: src/ingest_lge.py
data/raw/elections/lge2000_JHB_vd_party_clean.csv,1352218,a0b2d8bcfe659875766a90ac21adaea7b331ae432681bee82deb0136ecf1a2a2,2026-08-09T21:59:42Z,derived: src/ingest_lge.py
data/raw/elections/lge2000_MAN_vd_party_clean.csv,273354,54aabce216a5e2d37885a4e32223aa808001e91288eb5fec28a786bf553626e0,2026-08-31T20:35:15Z,derived: src/ingest_lge.py
data/raw/elections/lge2000_NMA_vd_party_clean.csv,390472,15c88bb30cd2c2bf7b4fa0109621db588248addc95bff5ce7b38ece4aeffdfc8,2026-08-31T20:35:15Z,derived: src/ingest_lge.py
data/raw/elections/lge2000_TSH_vd_party_clean.csv,842476,6fe3b9962236f4f9d9b75ecb8cbf25d76c19328b12b782cbad665a4ace7e80b8,2026-08-31T20:35:13Z,derived: src/ingest_lge.py
data/raw/elections/lge2006_BUF_vd_party_clean.csv,464981,fc797a32d4614df25f16ad730deb0a233ef2518e74910bff68c88776b06765cc,2026-08-22T23:32:58Z,derived: src/ingest_lge.py
data/raw/elections/lge2006_CPT_vd_party_clean.csv,3170486,e68f101c84131ac40ff2d1727a047deca0b1906572c5986d89d5df77fed6173f,2026-08-22T06:58:06Z,derived: src/ingest_lge.py
data/raw/elections/lge2006_EKU_vd_party_clean.csv,1977793,b419d31c1c6bf6203ef8aa6a2f1796a87ffd6ab6f279c49348a0677fdcef6818,2026-08-22T06:57:27Z,derived: src/ingest_lge.py
data/raw/elections/lge2006_ETH_vd_party_clean.csv,2793090,c597f06f09f9dc713418c6b8af14945447f62f922ca45fb65fe711a2d7279fc1,2026-08-22T06:57:44Z,derived: src/ingest_lge.py
data/raw/elections/lge2006_JHB_vd_party_clean.csv,2320700,6ca62b84b8f61b657cd1354cddc379c758c6f61b856ca244f51a3f60f21dcc3f,2026-08-09T21:59:43Z,derived: src/ingest_lge.py
data/raw/elections/lge2006_MAN_vd_party_clean.csv,448978,06e04d3c46a438b19909b21ae840d8e881aad51cc4ce98e925f5f91d1f9a9ebb,2026-08-22T23:32:53Z,derived: src/ingest_lge.py
data/raw/elections/lge2006_NMA_vd_party_clean.csv,635104,9f9799c6a5b7b1778caa83d7a10f55863c1911820495af4d376496e1b186ff0f,2026-08-22T06:58:57Z,derived: src/ingest_lge.py
data/raw/elections/lge2006_TSH_vd_party_clean.csv,1528462,990ae4acfdbd13a12552aac235f729bb59067647b978428d3a85745779b98672,2026-08-22T06:57:12Z,derived: src/ingest_lge.py
data/raw/elections/lge2011_BUF_vd_party_clean.csv,569510,c4d7c3df43378af1eec2a23994d0fb2e30fc99ffbd6f129580c9a19deba45a76,2026-08-11T05:27:55Z,derived: src/ingest_lge.py
data/raw/elections/lge2011_CPT_vd_party_clean.csv,4836227,11851bdd6b864a9cec6adac8b5aa50b3b311099f0f7b556aef9ab65fa1abb496,2026-08-11T05:27:52Z,derived: src/ingest_lge.py
data/raw/elections/lge2011_EKU_vd_party_clean.csv,2281699,3ebbeca5317d3250210f7b584db6eea3c1cf7441c18429286d2f5170e1d108fa,2026-08-11T05:27:49Z,derived: src/ingest_lge.py
data/raw/elections/lge2011_ETH_vd_party_clean.csv,2734382,3cb8793795539099be9ae6e738c1ba51bdfdd3b2b3291eb0b81fa763b9ab7cd6,2026-08-11T05:27:51Z,derived: src/ingest_lge.py
data/raw/elections/lge2011_JHB_vd_party_clean.csv,3225606,2a118da91dbb5e85290588baf2e637ef6ca5db4fb0b549d6800f0e4fe723cd47,2026-08-11T05:27:57Z,derived: src/ingest_lge.py
data/raw/elections/lge2011_MAN_vd_party_clean.csv,571180,60182c00c5893ac3eac44f81e70cdf4857e270153c260d90fda06c4da952c424,2026-08-11T05:27:53Z,derived: src/ingest_lge.py
data/raw/elections/lge2011_NMA_vd_party_clean.csv,714109,fa57e66bc9bce05b7248edf525934e272583db2192f4f734b00d7dc1ba00745c,2026-08-11T05:27:54Z,derived: src/ingest_lge.py
data/raw/elections/lge2011_TSH_vd_party_clean.csv,2177682,30c5ba49eb94794cabe427ec79524f7a62ed311739990cc2aa2c201bbeb751dd,2026-08-11T05:27:58Z,derived: src/ingest_lge.py
data/raw/elections/lge2016_BUF_vd_party_clean.csv,851253,30e8849cabde350f94be2f60d4912945ab25211293237cd4f00982fe6296fa26,2026-08-11T05:10:41Z,derived: src/ingest_lge.py
data/raw/elections/lge2016_CPT_vd_party_clean.csv,5751495,b59c8fb660f339c92c61a6ec2c8a7e5c9496eeaddef6d41c97138e6a2e5e1595,2026-08-11T05:10:37Z,derived: src/ingest_lge.py
data/raw/elections/lge2016_EKU_vd_party_clean.csv,2730229,c531db2ecc1c6a91a0009e39225deeacf0c0449c4a4e9d6bb3766636bd7c2f21,2026-08-11T05:10:33Z,derived: src/ingest_lge.py
data/raw/elections/lge2016_ETH_vd_party_clean.csv,4810367,bdccb2d9c51343eb90f3fc45893b6cfc7b54df3ad77de7650ea736ec9f250693,2026-08-11T05:10:35Z,derived: src/ingest_lge.py
data/raw/elections/lge2016_JHB_vd_party.csv,4737374,bcb4cd8b212ad2c8ef41009391e9719aaa5846597829108acebb370b7d3409ad,2026-08-01T00:53:23Z,results.elections.org.za LGEPublicReports/402/Downloadable Party Results/GP/JHB.csv
data/raw/elections/lge2016_JHB_vd_party_clean.csv,4040798,b6cc44377e7f76d82ee6c13117c1a825000a376976ea59ddf272ccc06056d65f,2026-08-01T05:45:48Z,derived: src/ingest_lge.py
data/raw/elections/lge2016_MAN_vd_party_clean.csv,1039110,61fb2422889961b18f2b80b4d8cd52d64d7f7edf5ed3adfe8591888a9e315c9e,2026-08-11T05:10:38Z,derived: src/ingest_lge.py
data/raw/elections/lge2016_NMA_vd_party_clean.csv,1042362,086d249454084bd6b03f7c0b614ac18b6174d5bb65e410e798d0854c1afaf440,2026-08-11T05:10:40Z,derived: src/ingest_lge.py
data/raw/elections/lge2016_TSH_vd_party_clean.csv,2909493,6106416c648a8de2c9859249648c0d569d3ff432e29ff8ee8851167b72f67f49,2026-08-07T23:39:38Z,derived: src/ingest_lge.py
data/raw/elections/lge2021_BUF_vd_party_clean.csv,1800545,71be5eb5a9bc25e784fb950610ef8ab649f0831e0afba55ef81ac6898faeec42,2026-08-11T05:11:01Z,derived: src/ingest_lge.py
data/raw/elections/lge2021_CPT_vd_party_clean.csv,8388610,93eef21e5eb77f6dedca6425054daadf1cfb99528e8930970dac57ffb4aa0e85,2026-08-11T05:11:00Z,derived: src/ingest_lge.py
data/raw/elections/lge2021_EKU_vd_party_clean.csv,4356661,705e7298bcff4922d025e7740c2cb96cd5bd448e3402fcd53fbc8ccdf9b8c633,2026-08-11T05:10:59Z,derived: src/ingest_lge.py
data/raw/elections/lge2021_ETH_vd_party_clean.csv,8975184,a687bc7e1c0cc66e9a04ea1ff068d419685fc3329eb56cf200e07fa9d352ae7c,2026-08-11T05:10:59Z,derived: src/ingest_lge.py
data/raw/elections/lge2021_JHB_vd_party.csv,10295882,c5d62e45e0f15b933475d6d26c85f50db6b7561abe1c07642db71256bbcc0302,2026-08-01T00:18:19Z,results.elections.org.za LGEPublicReports/1091/Downloadable Party Results/GP/JHB.csv
data/raw/elections/lge2021_JHB_vd_party_clean.csv,8693599,54768143d16f5018a8186ec2c4c581df56755baed386349d879529c4e09f5bc7,2026-08-01T05:45:48Z,derived: src/ingest_lge.py
data/raw/elections/lge2021_MAN_vd_party_clean.csv,1630530,ecafb37a46b849598c2f2cb07dd4a35d50e950aa420451c774c7cd3f82bec5b0,2026-08-11T05:11:00Z,derived: src/ingest_lge.py
data/raw/elections/lge2021_NMA_vd_party_clean.csv,1563997,853f773dbaec01bb38f72f57c745bf801d9fd2c19869d31e0661e4a64ae83b4b,2026-08-11T05:11:00Z,derived: src/ingest_lge.py
data/raw/elections/lge2021_TSH_vd_party_clean.csv,6567990,1fdea3656217bc2ca1878f0fe65157c27f067007f1b13512456b93c8efe60481,2026-08-07T23:39:38Z,derived: src/ingest_lge.py
data/raw/elections/npe1999_approx_BUF_vd_party.csv,121371,b84ace98591841de9b5495cfc7a16cc8dfa8bde2d9652b272e47f5083674d669,2026-08-31T20:38:38Z,derived: src/ingest_npe.py
data/raw/elections/npe1999_approx_CPT_vd_party.csv,852243,cff037bcbb7fbe944dd1b879cc9ede91aba0435f1d6a9c748accf6d5957ad8ea,2026-08-31T20:38:35Z,derived: src/ingest_npe.py
data/raw/elections/npe1999_approx_EKU_vd_party.csv,506679,48c5f5750dc11f498c6b81946ef187fb46f1cf1d0d1c0a5030b774d153140ac6,2026-08-31T20:38:33Z,derived: src/ingest_npe.py
data/raw/elections/npe1999_approx_ETH_vd_party.csv,745543,e44c0e98b0bbb77bf4681227cee4bf5b570802945d3a4763c78999aaa95a7fe7,2026-08-31T20:38:34Z,derived: src/ingest_npe.py
data/raw/elections/npe1999_approx_JHB_vd_party.csv,789426,818d351ce629d8afbb158ff90768e5e684b9968ca99f3657d6a7c9794a2044f2,2026-08-31T20:38:31Z,derived: src/ingest_npe.py
data/raw/elections/npe1999_approx_MAN_vd_party.csv,219195,720c89f44ed87eaac4610578fe97e46020d4a8eac3a875ad5866adaa339bd468,2026-08-31T20:38:36Z,derived: src/ingest_npe.py
data/raw/elections/npe1999_approx_NMA_vd_party.csv,186186,dfe5c455914f178ca85150573f93bfa0fa1f5023974f99d7146a89c87df1d873,2026-08-31T20:38:37Z,derived: src/ingest_npe.py
data/raw/elections/npe1999_approx_TSH_vd_party.csv,425233,895251fc08ce3847738a0b30503154adddda18ee7d65d5e3139a2ff7db0ce591,2026-08-31T20:38:32Z,derived: src/ingest_npe.py
data/raw/elections/npe2004_BUF_vd_party.csv,345281,78a9e2422e180bc59d9c46a2df74a8f7882c1494e7129935166a2ce8989843e0,2026-08-22T23:32:57Z,derived: src/ingest_npe.py
data/raw/elections/npe2004_CPT_vd_party.csv,1534672,27263e86dce388a7ba595eb9fac953949f6a01d0c542bb436d2d23294365cc54,2026-08-22T06:57:59Z,derived: src/ingest_npe.py
data/raw/elections/npe2004_EKU_vd_party.csv,898373,8a4c9061028c7bbe11366d08c098a78be9eee5b6bed9c8600caa857a42969328,2026-08-22T06:57:22Z,derived: src/ingest_npe.py
data/raw/elections/npe2004_ETH_vd_party.csv,1390679,22552c8be4cfe2cc76cac7737ec1427b7fa5370e483c09543ee977caae35238a,2026-08-22T06:57:40Z,derived: src/ingest_npe.py
data/raw/elections/npe2004_JHB_vd_party.csv,1412018,3b6e84bc199e77905c3784199853a4c928ae628a2911cf9ab91615aa2d8d009d,2026-08-09T21:59:39Z,derived: src/ingest_npe.py
data/raw/elections/npe2004_MAN_vd_party.csv,261501,a70956356be72c04aa15bbc2c8da886ee75a4f806f993bc1b85dd9473d1fa840,2026-08-22T23:32:52Z,derived: src/ingest_npe.py
data/raw/elections/npe2004_NMA_vd_party.csv,342951,c61f1fa0c1b922031ea7d57be38d0828443f17f7fe568a4cb0adc551ae3299dc,2026-08-22T06:58:53Z,derived: src/ingest_npe.py
data/raw/elections/npe2004_TSH_vd_party.csv,758659,c04cb51c4a525329d0b9018066bf2a905338c219e0fd453c7ad55ca58760971a,2026-08-22T06:57:07Z,derived: src/ingest_npe.py
data/raw/elections/npe2009_BUF_vd_party.csv,563131,b00836d1f203bfe621710750f8e12e47373212a517d0f412b8a008fde5a6085d,2026-08-22T23:33:00Z,derived: src/ingest_npe.py
data/raw/elections/npe2009_CPT_vd_party.csv,1976002,1aa49491cbee0a3850782d52196e9667a241a765b7deebae5c55aa71fabaff15,2026-08-22T06:58:24Z,derived: src/ingest_npe.py
data/raw/elections/npe2009_EKU_vd_party.csv,1091432,63b405017d9f72bff122fd1c5f92042c09f60ce8f2f9d7ec4cd5aa95ffbd1c6f,2026-08-22T06:57:35Z,derived: src/ingest_npe.py
data/raw/elections/npe2009_ETH_vd_party.csv,1436486,7068d35b6530302beea11252c10174525c8f0898a0f5f2a55b858b408a096f0d,2026-08-22T06:57:53Z,derived: src/ingest_npe.py
data/raw/elections/npe2009_JHB_vd_party.csv,1727731,971b23f968cf95e20d0155cb0a8a24ca75854f956411f88fa6c185fe035d4dd8,2026-08-22T06:56:53Z,derived: src/ingest_npe.py
data/raw/elections/npe2009_MAN_vd_party.csv,356132,f7be21eb4002d1543ea442ea5830fa6f53f34e2ba7f92288b711fec23be08133,2026-08-22T23:32:55Z,derived: src/ingest_npe.py
data/raw/elections/npe2009_NMA_vd_party.csv,495666,39ff0cd70eec74a26b1e780900c97cd6b95d3abcd06de6d7d3ba8d8ab41b611e,2026-08-22T06:59:04Z,derived: src/ingest_npe.py
data/raw/elections/npe2009_TSH_vd_party.csv,989956,6e33ca7afdab73e32f922693f5919d7d37b2ea2ff7c116e09b41a93e73dc8889,2026-08-22T06:57:18Z,derived: src/ingest_npe.py
data/raw/elections/npe2014_BUF_vd_party.csv,744664,011669e992ea627faef739a023044cae735a1fa997b87fc492d7979d1a775839,2026-08-11T05:15:54Z,derived: src/ingest_npe.py
data/raw/elections/npe2014_CPT_vd_party.csv,2321693,9af2e41937562c74c5e8facee25bbcb4a5f7f44c68da5ae4257c698c5745b1e8,2026-08-11T05:15:46Z,derived: src/ingest_npe.py
data/raw/elections/npe2014_EKU_vd_party.csv,1339606,367b702defc40ce27c3d182eea24cd59ea3da9a31d027879084bbf18963c0a20,2026-08-11T05:15:40Z,derived: src/ingest_npe.py
data/raw/elections/npe2014_ETH_vd_party.csv,1580189,c7fdf08d8099f52a66e7d5b46c60f5a228dd6c333c7326251a6aaebc97c2bc65,2026-08-11T05:15:43Z,derived: src/ingest_npe.py
data/raw/elections/npe2014_JHB_vd_party.csv,2033016,a644a379347f2aab2dee42cc5e0a8468e627e97f39f08cdb6daa46547c36bc39,2026-08-01T05:45:36Z,derived: src/ingest_npe.py
data/raw/elections/npe2014_MAN_vd_party.csv,668667,da2d7533a25f2110a5a29490e4d296c22f2dd40c777082f3b0b26069dc208368,2026-08-11T05:15:49Z,derived: src/ingest_npe.py
data/raw/elections/npe2014_NMA_vd_party.csv,518363,0640c4b350fdd08a426b93190da80dfe7670fa2f68d9af7dcb1481560863d256,2026-08-11T05:15:51Z,derived: src/ingest_npe.py
data/raw/elections/npe2014_TSH_vd_party.csv,1562048,6d2c76edc7fd72d5f16666765f244a67724bb96da559adf490cc9ddded32c4f6,2026-08-08T09:24:18Z,derived: src/ingest_npe.py
data/raw/elections/npe2019_BUF_vd_party.csv,1000865,a4f962c766b321ad2f8c3dab8a720406d5fe96150f54c4e7b806b908ef40876c,2026-08-11T05:09:53Z,derived: src/ingest_npe.py
data/raw/elections/npe2019_CPT_vd_party.csv,3109659,ca3bb6041f9fb5df568909ec40c1ebd0b10db2b117fccdc96a5e17cda31c63f2,2026-08-11T05:09:50Z,derived: src/ingest_npe.py
data/raw/elections/npe2019_EKU_vd_party.csv,2342629,5408a1b7347cdd9022647c0780bb5a23d9cd0f73ce10e6678ea0f35a19656bcc,2026-08-11T05:09:47Z,derived: src/ingest_npe.py
data/raw/elections/npe2019_ETH_vd_party.csv,2881171,9f5892bb9a39fdb89cbc48511444040114ebebdafaf283091807de87081bbc24,2026-08-11T05:09:48Z,derived: src/ingest_npe.py
data/raw/elections/npe2019_JHB_vd_party.csv,3469757,f32e1e3f9f0c1f1d315393cedf8d0dab329379659bed1ab9e78f599d60a1d177,2026-08-01T05:45:37Z,derived: src/ingest_npe.py
data/raw/elections/npe2019_MAN_vd_party.csv,1044795,30f8a85ddd929cde333b8092d957cb8b00ba430bab44b633d62bc0746e6cf40f,2026-08-11T05:09:51Z,derived: src/ingest_npe.py
data/raw/elections/npe2019_NMA_vd_party.csv,751281,7a67cfb6d78a59430b539626fe8bcde7061ce1f2dbdf5aa2ea73ddddb10ac279,2026-08-11T05:09:52Z,derived: src/ingest_npe.py
data/raw/elections/npe2019_TSH_vd_party.csv,2898164,0e4b936a46bd20816d3e73fec15a1ee3adac4284e4da00e85866eebb352c0c1d,2026-08-08T09:24:19Z,derived: src/ingest_npe.py
data/raw/elections/npe2024_BUF_vd_party.csv,1053234,15581b8674774ea90da4c9d62303252f20e233495140467ea1a691d47b455f58,2026-08-11T15:54:47Z,derived: src/ingest_npe.py
data/raw/elections/npe2024_CPT_vd_party.csv,2585255,4a63ffe5aeb153e4098b9aae6cd496c5afe7146e09a254065ad9cf039fabb260,2026-08-11T15:54:44Z,derived: src/ingest_npe.py
data/raw/elections/npe2024_EKU_vd_party.csv,2902846,c0deaf28db1016d466ded98e066fba69cf374f551b74a8a295074ed608b27a37,2026-08-11T15:54:42Z,derived: src/ingest_npe.py
data/raw/elections/npe2024_ETH_vd_party.csv,2969963,69038821dc80322b03bb8238b7422c94ced56d414124a2c0854c7a88d3d1d763,2026-08-11T15:54:43Z,derived: src/ingest_npe.py
data/raw/elections/npe2024_JHB_vd_party.csv,4311103,ec82c3bf09babf4afed0b195539fbd5ce4ca928dde1d2e500713300ec4584094,2026-08-01T05:45:38Z,derived: src/ingest_npe.py
data/raw/elections/npe2024_MAN_vd_party.csv,1007116,b43d86c0d3c5143dbe52725e6d66d854f99ffa636e410bb0d9056cf4b08e6b92,2026-08-11T15:54:45Z,derived: src/ingest_npe.py
data/raw/elections/npe2024_NMA_vd_party.csv,767119,59ac0dea57bcbbfc01fbc69bc979c5475471e98dce4090603babd9185adad6e0,2026-08-11T15:54:46Z,derived: src/ingest_npe.py
data/raw/elections/npe2024_TSH_vd_party.csv,3643895,5ed147b50b2bc80cad85dfd583487cda7eb73690d73583c439cbad8ff54b08c3,2026-08-08T09:24:21Z,derived: src/ingest_npe.py
data/raw/geo/vds2026_BUF.geojson,4029771,ba052651129da8434c5d97d9e26a2dbab953afcf15e02df791536a9f2154fcd6,2026-08-07T09:50:34Z,"MDB FeatureServer VotingDistricts2026_Final, via src/fetch_boundaries.py --muni <CODE>"
data/raw/geo/vds2026_CPT.geojson,2992746,e2174b8b7c006b041cd99b2e23d2ece109a93f535a82a50306effd95dea86768,2026-08-07T09:50:00Z,"MDB FeatureServer VotingDistricts2026_Final, via src/fetch_boundaries.py --muni <CODE>"
data/raw/geo/vds2026_EKU.geojson,2047042,29a6c78c426aa261b2b1e6c9b302d11e41556b11776ed60ce27beb18b4d582db,2026-08-07T09:49:35Z,"MDB FeatureServer VotingDistricts2026_Final, via src/fetch_boundaries.py --muni <CODE>"
data/raw/geo/vds2026_ETH.geojson,9536981,3007692923996d20a941712f0d7be3796b3ab0c7654a62c6429c79a094ce20f4,2026-08-07T09:49:50Z,"MDB FeatureServer VotingDistricts2026_Final, via src/fetch_boundaries.py --muni <CODE>"
data/raw/geo/vds2026_JHB.geojson,2934961,784cc24a2f047845fa478358604fbc69c3b9096db5caafe8126fe233013c193e,2026-08-01T08:35:09Z,"MDB FeatureServer VotingDistricts2026_Final, via src/fetch_boundaries.py"
data/raw/geo/vds2026_MAN.geojson,1678735,e44e2a4751cf40c6b7e1c5bd8472a7182e11badf660ac92606b0150a5ddc2206,2026-08-07T09:50:13Z,"MDB FeatureServer VotingDistricts2026_Final, via src/fetch_boundaries.py --muni <CODE>"
data/raw/geo/vds2026_NMA.geojson,1271088,b8813b1d483efcf6e5a1d2db3e616b70805752b9269a21fc6adff5c735041ce4,2026-08-07T09:50:25Z,"MDB FeatureServer VotingDistricts2026_Final, via src/fetch_boundaries.py --muni <CODE>"
data/raw/geo/vds2026_TSH.geojson,3270361,bcd1d44cf498833dd14999b762cd812d5575a80d7501db73f25841b90d710b8d,2026-08-07T09:49:22Z,"MDB FeatureServer VotingDistricts2026_Final, via src/fetch_boundaries.py --muni <CODE>"
data/raw/geo/votingstations2026_BUF.geojson,164864,6cd5c0cda44c686628d07857a52744628d2cafcfffc1fd8dfcaf1df9c668ce89,2026-08-07T09:50:38Z,"MDB FeatureServer VotingStations_March2026, via src/fetch_boundaries.py --muni <CODE>"
data/raw/geo/votingstations2026_CPT.geojson,367770,a20bb25e95f8015deb7855d43e71626a11abf52e961851df3c52ba0f9e8af5b1,2026-08-07T09:50:04Z,"MDB FeatureServer VotingStations_March2026, via src/fetch_boundaries.py --muni <CODE>"
data/raw/geo/votingstations2026_EKU.geojson,288745,fec68b2fe10e0b5af88cab92c3435c685d504f1d62151d44b55610ba723c0449,2026-08-07T09:49:38Z,"MDB FeatureServer VotingStations_March2026, via src/fetch_boundaries.py --muni <CODE>"
data/raw/geo/votingstations2026_ETH.geojson,392300,4ab89d5861d40c4a98a884c7dc080eb9796b63d6938acd12812ef2bdf23944e1,2026-08-07T09:49:54Z,"MDB FeatureServer VotingStations_March2026, via src/fetch_boundaries.py --muni <CODE>"
data/raw/geo/votingstations2026_JHB.geojson,399036,19632f3b86a0815be522a2afe8a62c3a17f6dec41dfdd4ed8bb02a76d593874c,2026-08-01T08:35:12Z,"MDB FeatureServer VotingStations_March2026, via src/fetch_boundaries.py"
data/raw/geo/votingstations2026_MAN.geojson,168331,d1d9406f5831a07592f245750d0b4bfa3cc69b16be76b43a0ee0b118908e9412,2026-08-07T09:50:16Z,"MDB FeatureServer VotingStations_March2026, via src/fetch_boundaries.py --muni <CODE>"
data/raw/geo/votingstations2026_NMA.geojson,116294,e1643488b7a1af7b8f1dee066cfc6e275af1ae6457ea0f38ad030c752c89d17f,2026-08-07T09:50:28Z,"MDB FeatureServer VotingStations_March2026, via src/fetch_boundaries.py --muni <CODE>"
data/raw/geo/votingstations2026_TSH.geojson,350823,4d2e347ee62af9a97217d203b00933b3b8fd82b742f62509e3b515d372f0f4a7,2026-08-07T09:49:26Z,"MDB FeatureServer VotingStations_March2026, via src/fetch_boundaries.py --muni <CODE>"
data/raw/geo/wards2011_JHB.geojson,1413745,7d8b6a1fb72c70bbcfdd2fbd20b4d66fd8e575d0b427885a3e03c7d36a80801a,2026-08-08T09:26:25Z,"derived: src/build_geo.py, clipped from wards2011_SA"
data/raw/geo/wards2011_SA.gdb.zip,32808062,59c93f176477a9fd3617280cfe607bb486b60a25323ea85f1b73a11f59f4e879,2026-08-07T09:50:39Z,"arcgis.com item 12d2deb98816451ab7c4dc09cdfeee6b (MDB Wards 2011, File Geodatabase)"
data/raw/geo/wards2011_TSH.geojson,1410020,ed7766bcd496157bf7ac70bffce108894306a9d1e9222cdd26aa3cfceb06b33f,2026-08-08T09:26:24Z,"derived: src/build_geo.py, clipped from wards2011_SA"
data/raw/geo/wards2016_JHB.geojson,1432240,61b6f1fafb2f94301a6be6538a3c147e1429ace49f1a91d8b5ddfda916736892,2026-08-08T09:26:25Z,"derived: src/build_geo.py, clipped from wards2016_SA"
data/raw/geo/wards2016_SA.gdb.zip,17141002,0dbe539cfec010ab32ac65bd12b4259b76988696dc03e5c9f9e871ee4f5c32e6,2026-08-07T09:50:38Z,"arcgis.com item cfddb54aab5f4d62b2144d80d49b3fdb (MDB Wards 2016, File Geodatabase)"
data/raw/geo/wards2016_TSH.geojson,1401154,c46120b9c1e3c1580b48568ee9d45f79ec29151a78a065c1535cf571b1e877c8,2026-08-08T09:26:24Z,"derived: src/build_geo.py, clipped from wards2016_SA"
data/raw/geo/wards2020_BUF.geojson,2108427,d92b7fc3824aa28db68e895fe80f1943a89c3b8c0f840a41a90c8d51f5fd25d1,2026-08-07T09:50:36Z,"MDB FeatureServer SA_Wards2020 (2021 LGE delimitation), via src/fetch_boundaries.py --muni <CODE>"
data/raw/geo/wards2020_CPT.geojson,1221335,19eba78faa98d1d255adea2ea56f0b6a9f4368ae67e42bb3de9bbd7bd9adcbea,2026-08-07T09:50:02Z,"MDB FeatureServer SA_Wards2020 (2021 LGE delimitation), via src/fetch_boundaries.py --muni <CODE>"
data/raw/geo/wards2020_EKU.geojson,882211,36a8218ce048bf96df4012786ef2721ff7f03e2a61acb0419de07c01450c2da3,2026-08-07T09:49:37Z,"MDB FeatureServer SA_Wards2020 (2021 LGE delimitation), via src/fetch_boundaries.py --muni <CODE>"
data/raw/geo/wards2020_ETH.geojson,4069294,595776c994238bf1ff6a631ba1ec69d0a531d08bf64b1eb327aa136e93df1302,2026-08-07T09:49:53Z,"MDB FeatureServer SA_Wards2020 (2021 LGE delimitation), via src/fetch_boundaries.py --muni <CODE>"
data/raw/geo/wards2020_JHB.geojson,1262539,043b37202448f2f7737291453a55441fdce2e310240fd8b384355f77a49666d7,2026-08-01T08:35:10Z,"MDB FeatureServer SA_Wards2020 (2021 LGE delimitation), via src/fetch_boundaries.py"
data/raw/geo/wards2020_MAN.geojson,748114,a959af515a13c7012df0fb9d8a0f9d1a8fc96c63b32cb07cb70fb4ff97b0e877,2026-08-07T09:50:15Z,"MDB FeatureServer SA_Wards2020 (2021 LGE delimitation), via src/fetch_boundaries.py --muni <CODE>"
data/raw/geo/wards2020_NMA.geojson,787954,1aff38d477949658f1772c6fc22e960abc72baf80aa36e70c4c6b0e5b229b86e,2026-08-07T09:50:27Z,"MDB FeatureServer SA_Wards2020 (2021 LGE delimitation), via src/fetch_boundaries.py --muni <CODE>"
data/raw/geo/wards2020_TSH.geojson,1149821,164f5f594dc3d20afeab94a9f4d9869bbc93c0f19d96ec8a8c6e5e56b5e7d786,2026-08-07T09:49:24Z,"MDB FeatureServer SA_Wards2020 (2021 LGE delimitation), via src/fetch_boundaries.py --muni <CODE>"
data/raw/geo/wards2026_BUF.geojson,2185601,69d3b70a8ca6abddb4d05446f75ddf058023622a113c07b4d2b5428a813d6627,2026-08-07T09:50:32Z,"MDB FeatureServer MDBWards2026, via src/fetch_boundaries.py --muni <CODE>"
data/raw/geo/wards2026_CPT.geojson,1295448,6b52a934fd8cc9bf447c6423fcdc3c447f9fc6f67ea4b7c376d4590849a02102,2026-08-07T09:49:58Z,"MDB FeatureServer MDBWards2026, via src/fetch_boundaries.py --muni <CODE>"
data/raw/geo/wards2026_EKU.geojson,805521,60ac1f479cae4b1a6ccb03f81356f8752f206d2f35e4b6cf69c0426dd650c9d1,2026-08-07T09:49:33Z,"MDB FeatureServer MDBWards2026, via src/fetch_boundaries.py --muni <CODE>"
data/raw/geo/wards2026_ETH.geojson,3595892,3f3be9486c65dffc0bb61e3d549450eda1cad425e9eff2e74637d34bfbbe477e,2026-08-07T09:49:44Z,"MDB FeatureServer MDBWards2026, via src/fetch_boundaries.py --muni <CODE>"
data/raw/geo/wards2026_JHB.geojson,1161905,3374e6a44e1b9ed93d522dabeab4b828f6390f18ddcd4685786c531918b10873,2026-08-01T08:35:05Z,"MDB FeatureServer MDBWards2026, via src/fetch_boundaries.py"
data/raw/geo/wards2026_MAN.geojson,717206,4808b3557ba27a6d8e606be9802bcb58f653f748d28cc8cd163668e291e0da72,2026-08-07T09:50:11Z,"MDB FeatureServer MDBWards2026, via src/fetch_boundaries.py --muni <CODE>"
data/raw/geo/wards2026_NMA.geojson,753989,10fc9952d795db6635e7192ebb177450eb7e51b2aaabba8f2c8bb2e22dc0c892,2026-08-07T09:50:22Z,"MDB FeatureServer MDBWards2026, via src/fetch_boundaries.py --muni <CODE>"
data/raw/geo/wards2026_TSH.geojson,1055921,b606f458f3e2b6e2dbac3cd091cf96618d4d0f3dca594ed433b7f6e3d624d295,2026-08-07T09:49:19Z,"MDB FeatureServer MDBWards2026, via src/fetch_boundaries.py --muni <CODE>"
data/processed/.pools.lock,0,e3b0c44298fc1c149afbf4c8996fb92427ae41e4649b934ca495991b7852b855,2026-09-01T06:26:38Z,"derived: src/build_concordance.py, src/build_crosswalk.py"
data/processed/buffalocity/2016/turnout.csv,25468,9a6a2213ce1854bc1cf69ad607237419f5f0112f93ba833d5d70042459a6882d,2026-08-22T07:40:51Z,"derived: src/build_concordance.py, src/build_crosswalk.py"
data/processed/buffalocity/2021/turnout.csv,24003,16de21d67a579288d0539197ec573527bc9d39860c254de56e1eeec6e4ebd2fa,2026-08-11T11:26:19Z,"derived: src/build_concordance.py, src/build_crosswalk.py"
data/processed/buffalocity/fold1_parameters.csv,1645,aaa3c6517826b183706a99c1463b9000851dd650ace07ead2ab5d68f08ac8c1f,2026-08-11T05:29:06Z,"derived: src/build_concordance.py, src/build_crosswalk.py"
data/processed/buffalocity/fold3_parameters.csv,1347,da7dc96f4c5b424c65998fc9ac46d3d84464a110add9971419febdb720c9c050,2026-08-22T23:33:01Z,"derived: src/build_concordance.py, src/build_crosswalk.py"
data/processed/buffalocity/fold4_parameters.csv,1297,9f7e376e9f2780f6dddfd560beaa403524db31726fff5955fb1d57d16380d302,2026-08-31T22:03:06Z,"derived: src/build_concordance.py, src/build_crosswalk.py"
data/processed/buffalocity/pools_2016.json,5311,f5649a1af67c4a7365c70c15b7e07c40a09d51fd04a914e2fec54f8936324119,2026-09-01T06:23:52Z,"derived: src/build_concordance.py, src/build_crosswalk.py"
data/processed/buffalocity/pools_2021.json,23838,d9694f6aef82d0c7f50dbac59a1559b3f5337fc6d079de14b8af7179810554cf,2026-09-01T06:24:30Z,"derived: src/build_concordance.py, src/build_crosswalk.py"
data/processed/buffalocity/vd_concordance.csv,185808,d60ab98666e598d44e9557b0ee2f232cabd848cc11cc681fa062a0b79ea5721a,2026-08-31T22:00:52Z,"derived: src/build_concordance.py, src/build_crosswalk.py"
data/processed/buffalocity/vd_ward_2026.csv,16210,3a8709c78c3c5c17280019bb2d7cc93297b270e23d8ef77a8420361a7c945a6f,2026-08-31T22:00:51Z,"derived: src/build_concordance.py, src/build_crosswalk.py"
data/processed/byelection_contest_detail.csv,5591,7104d970c498b9087407d41124e8ed134fdb59fba5e451e809d5a17b410e617c,2026-08-28T17:09:59Z,"derived: src/build_concordance.py, src/build_crosswalk.py"
data/processed/byelection_party_deltas.csv,1029,7fd352e138b093ab1ac4b42c360a5496e245bbb4a12730edb2b5fbdaf5b2565b,2026-08-28T17:09:59Z,"derived: src/build_concordance.py, src/build_crosswalk.py"
data/processed/byelection_turnout.csv,879,648fa22e48c2e18c555298d1c4e420b3f5f858b03085c5d967a8537a22553882,2026-08-28T17:09:59Z,"derived: src/build_concordance.py, src/build_crosswalk.py"
data/processed/capetown/2016/turnout.csv,68541,b6396c1e06d84cb83402b4059dd013621f33d398b453fb6899b445b6202a7f26,2026-08-22T07:40:51Z,"derived: src/build_concordance.py, src/build_crosswalk.py"
data/processed/capetown/2021/coalition_minority.csv,250,04f970a1e9f71fbc21aae3a42ff7cfbd584394f8e45f115cce8eb5d979488dd1,2026-08-28T19:08:00Z,"derived: src/build_concordance.py, src/build_crosswalk.py"
data/processed/capetown/2021/coalition_mwc.csv,440,663e79eddd4575ba30a6cf3f0a68577f67592fd3a112e32735b54376c78d74c1,2026-08-28T19:08:00Z,"derived: src/build_concordance.py, src/build_crosswalk.py"
data/processed/capetown/2021/coalition_pairs_triples.csv,3568,4924edd06b78f773574fb916c93fd831a3744f5c21a605cf22b3ebc97b5a76e5,2026-08-28T19:08:00Z,"derived: src/build_concordance.py, src/build_crosswalk.py"
data/processed/capetown/2021/coalition_power.csv,660,52ceaaac97260a32afb5f3a9330040b483578c0e4e52c2758422dbddf09f3452,2026-08-28T19:08:00Z,"derived: src/build_concordance.py, src/build_crosswalk.py"
data/processed/capetown/2021/turnout.csv,61084,3957aaf635ea7334785865bc70c105750c3417ecac37e21b5cd2eb43edce40c3,2026-08-11T05:21:51Z,"derived: src/build_concordance.py, src/build_crosswalk.py"
data/processed/capetown/fold1_parameters.csv,4187,82a5f0a799a095b540003c473f784c071470da898f1cf56d6ec0145b159ead1b,2026-08-11T05:29:04Z,"derived: src/build_concordance.py, src/build_crosswalk.py"
data/processed/capetown/fold3_parameters.csv,3493,64163b35e7c9cac22282a62f8dda498987b4e7542b815338686e1274c20becf7,2026-08-22T07:00:25Z,"derived: src/build_concordance.py, src/build_crosswalk.py"
data/processed/capetown/fold4_parameters.csv,2818,8c4aa9f8d05a99dc04184862b3bc64b8b4c297d128b7357917326b52b6b57c34,2026-08-31T22:03:04Z,"derived: src/build_concordance.py, src/build_crosswalk.py"
data/processed/capetown/pools_2016.json,13634,9187057fe0b7701ded403f7d00cf8ebc1857b8e32cce8ff39c5f32c93d0fe72b,2026-09-01T06:21:08Z,"derived: src/build_concordance.py, src/build_crosswalk.py"
data/processed/capetown/pools_2021.json,41072,b5a912f27d8fc256d0f5d7ee0b895c5d00672835faed69b6af4c90e785ac5b2f,2026-09-01T06:21:45Z,"derived: src/build_concordance.py, src/build_crosswalk.py"
data/processed/capetown/vd_concordance.csv,469048,3b23fc1dca484bd0e2a877936a18807ea474ec4ccfd0a92bca38952654af002f,2026-08-31T22:00:50Z,"derived: src/build_concordance.py, src/build_crosswalk.py"
data/processed/capetown/vd_ward_2026.csv,36358,95b1d5c8ca30f1c5d887ec9867b1c96e2a2eaf2be5350eaf38c89be346a5c6df,2026-08-31T22:00:49Z,"derived: src/build_concordance.py, src/build_crosswalk.py"
data/processed/coalition_minority.csv,250,01b52620dd756c940b299bcc93bce6c1a940ae56d6ff1a0d1230ee2cfcb13601,2026-08-31T10:33:44Z,"derived: src/build_concordance.py, src/build_crosswalk.py"
data/processed/coalition_mwc.csv,37122,1452b251e58a3ffbe1fdd44bd3b46b6e921531a4872fafc8ca3dba684ad73c3b,2026-08-31T10:33:44Z,"derived: src/build_concordance.py, src/build_crosswalk.py"
data/processed/coalition_pairs_triples.csv,5420,1fad27d6e4fcaa6081484e692cab93987e9438ca56be1dbb4bc223a2de4e74ac,2026-08-31T10:33:44Z,"derived: src/build_concordance.py, src/build_crosswalk.py"
data/processed/coalition_power.csv,658,ce06b8d2e0045d13c298c054201d10594d62c8ed41258f68f6c5ac691673aa6e,2026-08-31T10:33:44Z,"derived: src/build_concordance.py, src/build_crosswalk.py"
data/processed/ekurhuleni/2016/turnout.csv,48901,e18e082a05c9a2676c01549264d3cd4912303ddc2284b6206d5566c80c852f95,2026-08-22T07:40:50Z,"derived: src/build_concordance.py, src/build_crosswalk.py"
data/processed/ekurhuleni/2021/turnout.csv,44942,00ac80d02bccbaa8d8f5a62307a80372bfe7b743eee3ce3185e7d52c401d4fab,2026-08-11T05:21:51Z,"derived: src/build_concordance.py, src/build_crosswalk.py"
data/processed/ekurhuleni/fold1_parameters.csv,3065,4f9e5cdd11b50b3d9461bcbf63cb3faa934d9b53dd42ef56dc6d8ebde76fe726,2026-08-11T05:28:58Z,"derived: src/build_concordance.py, src/build_crosswalk.py"
data/processed/ekurhuleni/fold3_parameters.csv,3046,75a5c7c194594392269041dadffa295f91750a2cc8c7060621239c9e87bf06c7,2026-08-22T06:59:59Z,"derived: src/build_concordance.py, src/build_crosswalk.py"
data/processed/ekurhuleni/fold4_parameters.csv,3143,a0c607b92a827e72ef0657b19a17470edae6f0b25519141724c552b9d72a5256,2026-08-31T22:02:48Z,"derived: src/build_concordance.py, src/build_crosswalk.py"
data/processed/ekurhuleni/pools_2016.json,10640,f751a322653c2c49a7bc042b51a0848f5484e5bd63479830764cf9537e07e917,2026-09-01T06:19:06Z,"derived: src/build_concordance.py, src/build_crosswalk.py"
data/processed/ekurhuleni/pools_2021.json,29439,f5de753f9515aaf718f005cf6711b518f10a1eabd18fc9019fd0cca793eb9350,2026-09-01T06:19:41Z,"derived: src/build_concordance.py, src/build_crosswalk.py"
data/processed/ekurhuleni/vd_concordance.csv,354395,f37a98fa6c22adacc21a728e5d3cba3cb02c53cb4e9421fa76e7022c7032284f,2026-08-31T22:00:47Z,"derived: src/build_concordance.py, src/build_crosswalk.py"
data/processed/ekurhuleni/vd_ward_2026.csv,33647,d3a8ec2d4dcb907784d642e48ec76d977cafbb63132850b7cf517e54579d5454,2026-08-31T22:00:47Z,"derived: src/build_concordance.py, src/build_crosswalk.py"
data/processed/ethekwini/2016/turnout.csv,70504,bf233fb675f90ea35861e63eb85d0aa5c4fd0239914a53ecf7bd74939948decb,2026-08-22T07:40:50Z,"derived: src/build_concordance.py, src/build_crosswalk.py"
data/processed/ethekwini/2021/turnout.csv,63032,8ec90571531708f8ac326db782424ec8822b7d0fdae073ff8d20f1cee1eddb5d,2026-08-11T05:21:51Z,"derived: src/build_concordance.py, src/build_crosswalk.py"
data/processed/ethekwini/fold1_parameters.csv,2816,4ea9b933d4b57d2bc895efaef8d5cb7656ad5c257e6b6786000bd405887404c9,2026-08-11T05:29:01Z,"derived: src/build_concordance.py, src/build_crosswalk.py"
data/processed/ethekwini/fold3_parameters.csv,2223,9acc19db34577155353104196173588d01714cbf53f17de1e1c586dad4f2057e,2026-08-22T07:00:14Z,"derived: src/build_concordance.py, src/build_crosswalk.py"
data/processed/ethekwini/fold4_parameters.csv,2173,89b0cc430ef89bad6e63b0c08f8c3b6f3a75c440bb28abc6263a9f891523305f,2026-08-31T22:03:02Z,"derived: src/build_concordance.py, src/build_crosswalk.py"
data/processed/ethekwini/pools_2016.json,11376,023005390a59e3d90cbda23e419e21647e5f95f6086d5255da6c88f145e43598,2026-09-01T06:20:05Z,"derived: src/build_concordance.py, src/build_crosswalk.py"
data/processed/ethekwini/pools_2021.json,39450,86b292d145da5a19d0ced0ee744479c17389cdcf14301752412b9d6dd1f4300b,2026-09-01T06:20:46Z,"derived: src/build_concordance.py, src/build_crosswalk.py"
data/processed/ethekwini/vd_concordance.csv,489313,d9bc7fe831aeb7f8e8d31868ad8db4bd5b6894be7cf94c1ca32bef4208b44e65,2026-08-31T22:00:48Z,"derived: src/build_concordance.py, src/build_crosswalk.py"
data/processed/ethekwini/vd_ward_2026.csv,40113,95cced3cfaaabfafc9fabb05ef07071e7778e18a9bd402662829745a71840b79,2026-08-31T22:00:48Z,"derived: src/build_concordance.py, src/build_crosswalk.py"
data/processed/fold1_parameters.csv,3111,cba3e7a976bd9a881cb125f8727f6be54a6848f14fbbb13793ec190a80a79e1b,2026-08-13T13:49:57Z,"derived: src/build_concordance.py, src/build_crosswalk.py"
data/processed/fold1_parameters__turnout-ratio.csv,3112,a3c5d7c59a887e03be45c8eab0fa67d0995603a0522daf3dc2771ec2ca2204b2,2026-09-01T06:29:13Z,"derived: src/build_concordance.py, src/build_crosswalk.py"
data/processed/fold2_parameters.csv,6246,4113c956105f0392f221c408e02c86f67c91cba755c923b5f8786d33c5824c58,2026-08-10T21:53:54Z,"derived: src/build_concordance.py, src/build_crosswalk.py"
data/processed/fold3_parameters.csv,2693,9dc123d661270ac340193b39cd9f95a9c03c3780b8ce617a999087c67997224d,2026-08-13T08:52:19Z,"derived: src/build_concordance.py, src/build_crosswalk.py"
data/processed/fold4_parameters.csv,2217,d78104d5b0a4ecf08d153fd14e8ef87da07898e77eb6197195c5af9b34d18cb7,2026-08-10T22:00:28Z,"derived: src/build_concordance.py, src/build_crosswalk.py"
data/processed/fold5_parameters.csv,1691,55a2d59214f7e72ff06eea879585e950570078eda784835c9b494bf7b0183868,2026-08-10T01:52:13Z,"derived: src/build_concordance.py, src/build_crosswalk.py"
data/processed/forecast_frozen.json,22338,aed39da1ac754a1c9f960310b68a92135ac1a88399a31bb8a0d13b1a2f94d27b,2026-08-28T19:23:25Z,"derived: src/build_concordance.py, src/build_crosswalk.py"
data/processed/forecast_summary.json,241354,01022e0642eed24df7e38d92f56fc2e41b035637e453f76442b84d7f020da773,2026-08-31T10:33:44Z,"derived: src/build_concordance.py, src/build_crosswalk.py"
data/processed/gamma_recent.csv,317,d05462310c8bd48d3f05673b0a4c1a191bf1ff908673d29949a81339fab3a7a1,2026-08-10T21:57:50Z,"derived: src/build_concordance.py, src/build_crosswalk.py"
data/processed/history.json,413618,30153c636c2479c5b58828bf121c77bb2b9115a9e3da84e3c03ce1a83f7f325c,2026-09-01T06:29:04Z,"derived: src/build_concordance.py, src/build_crosswalk.py"
data/processed/history.md,37650,62cf745354870d55bb5a27d1ede699056edb9ff67a020fb96d299bc240ca893d,2026-09-01T06:29:04Z,"derived: src/build_concordance.py, src/build_crosswalk.py"
data/processed/interactive_data.json,78444,7bbf120dd1f466a2c405e2b0bc820f4cbbf6c7323a9c56be940f47dfc58592b1,2026-08-11T21:22:22Z,"derived: src/build_concordance.py, src/build_crosswalk.py"
data/processed/joburg/2011/gamma_recent.csv,241,607934b34bfc528575def63fd2215982ae31032bf19c2523ed7d3387fb86be59,2026-08-10T10:21:55Z,"derived: src/build_concordance.py, src/build_crosswalk.py"
data/processed/joburg/2011/turnout.csv,60006,d44535f953ab0db395ed7d1a2c31e141a6402e4cb58a82d59b7a2f1b4a7da6bc,2026-08-10T10:21:54Z,"derived: src/build_concordance.py, src/build_crosswalk.py"
data/processed/joburg/2016/coalition_minority.csv,250,275061d4c257866517a3be3ed77d58508213d52276f72b44b016f5e2c5009e33,2026-08-28T19:07:42Z,"derived: src/build_concordance.py, src/build_crosswalk.py"
data/processed/joburg/2016/coalition_mwc.csv,8534,06aff4bd65039384241a90e98ec022476a181995fc32022bb5d0189b0eac1c2f,2026-08-28T19:07:42Z,"derived: src/build_concordance.py, src/build_crosswalk.py"
data/processed/joburg/2016/coalition_pairs_triples.csv,6497,e6cf2e485dc615d6b0d0f93df52e149b62c6626f02185b6fd6f0664658940a7b,2026-08-28T19:07:42Z,"derived: src/build_concordance.py, src/build_crosswalk.py"
data/processed/joburg/2016/coalition_power.csv,659,70ed35c7c5d04afa0e02c9ebb7a9aa3826d589d5de76c8af5f8b5f9793443623,2026-08-28T19:07:42Z,"derived: src/build_concordance.py, src/build_crosswalk.py"
data/processed/joburg/2016/gamma_recent.csv,190,2b322673c531d85e705052465c8d6e4900584e64e50aff2cb18c04dae95158e0,2026-08-10T10:21:55Z,"derived: src/build_concordance.py, src/build_crosswalk.py"
data/processed/joburg/2016/turnout.csv,75554,c5023fee6170edfd0408f95bfbdb930db0f8d72a93058721db490456ce3fae05,2026-08-10T21:59:07Z,"derived: src/build_concordance.py, src/build_crosswalk.py"
data/processed/joburg/2021/coalition_minority.csv,250,f5b1156c7911c0d809683c91c141c74dd437a4d5b586d783a6fdce33af1e2565,2026-08-28T19:21:38Z,"derived: src/build_concordance.py, src/build_crosswalk.py"
data/processed/joburg/2021/coalition_mwc.csv,7051,1c9168d7c5991f9d6dcc915635dc83c03d76cbfafbf12cc886871d70cead8ff5,2026-08-28T19:21:38Z,"derived: src/build_concordance.py, src/build_crosswalk.py"
data/processed/joburg/2021/coalition_pairs_triples.csv,4570,e57cc5ea11b3d7a53dfc7ec5dea0b27c88dbbd1c5cc31a0b820f89706d38f735,2026-08-28T19:21:38Z,"derived: src/build_concordance.py, src/build_crosswalk.py"
data/processed/joburg/2021/coalition_power.csv,660,ea3986adb27a4ab45430ae248fd743bebcfa1361e2e76098b7cf15a9ddf52bf2,2026-08-28T19:21:38Z,"derived: src/build_concordance.py, src/build_crosswalk.py"
data/processed/joburg/2021/forecast_summary.json,238404,a93bdf76f282747dc10c538a5ef2af2b5178eeaf739064d4e947b91be4055021,2026-08-27T17:01:43Z,"derived: src/build_concordance.py, src/build_crosswalk.py"
data/processed/joburg/2021/gamma_recent.csv,159,0592086a73feac91f9be0d8d3d8e94629f6adb6db2b12a59ff084ba798a3990d,2026-08-10T10:21:56Z,"derived: src/build_concordance.py, src/build_crosswalk.py"
data/processed/joburg/2021/seat_draws.csv,2659,59bc1a3a6536caf06bed145988763a1e43c027b7ae814d7ab7bb98bf60711f43,2026-08-27T17:01:43Z,"derived: src/build_concordance.py, src/build_crosswalk.py"
data/processed/joburg/2021/turnout.csv,95461,cb83358099da84384458c5a55c8ba815e1625451ccb1a51db4bb6ea1b5def23e,2026-08-10T10:21:56Z,"derived: src/build_concordance.py, src/build_crosswalk.py"
data/processed/joburg/2021/ward_winner_probs.csv,4929,82ede76860ae1e24e0e2ad2d0ee937a5d2512d5ed1c4d1012521974c73bfeb78,2026-08-27T17:01:43Z,"derived: src/build_concordance.py, src/build_crosswalk.py"
data/processed/mangaung/2016/turnout.csv,20161,fc072f9914540f2b88e7c1310b9be3e90c208159557508d676625a376fcd2762,2026-08-22T07:40:51Z,"derived: src/build_concordance.py, src/build_crosswalk.py"
data/processed/mangaung/2021/turnout.csv,23452,b93351081d0592da817959bded4e4ab0a62281c72e964a64cd64dba2b34f70c6,2026-08-11T05:21:51Z,"derived: src/build_concordance.py, src/build_crosswalk.py"
data/processed/mangaung/fold1_parameters.csv,1761,0137c2534bf6eaf1dd5e4ded450beee4386a1f0c003669baab9b87b5eb435c96,2026-08-11T05:29:05Z,"derived: src/build_concordance.py, src/build_crosswalk.py"
data/processed/mangaung/fold3_parameters.csv,1355,44459e73b43ac45d0ae06a0ebb5d20f73ea9da01f87c2a41b8216620fd5b64ec,2026-08-22T23:33:00Z,"derived: src/build_concordance.py, src/build_crosswalk.py"
data/processed/mangaung/fold4_parameters.csv,1195,0d105a216ec158d63a8696660dad7d06b407c36f288a58a4c6fad51e15e13f0d,2026-08-31T22:03:05Z,"derived: src/build_concordance.py, src/build_crosswalk.py"
data/processed/mangaung/pools_2016.json,6252,5013bdddd471fed394d9df0a6e01a545aafe1f9b572d6d33bd425bf0ded4aaf1,2026-09-01T06:22:09Z,"derived: src/build_concordance.py, src/build_crosswalk.py"
data/processed/mangaung/pools_2021.json,18194,c30b05392d2f466b6d151635f4a9a40233b7e01075abc0285425d7fab612f663,2026-09-01T06:22:40Z,"derived: src/build_concordance.py, src/build_crosswalk.py"
data/processed/mangaung/vd_concordance.csv,178045,b77c37daf09b5e7e5b4e75a4425658a9f3882f5f5dd8c5ddf6bf60e9d009a989,2026-08-31T22:00:50Z,"derived: src/build_concordance.py, src/build_crosswalk.py"
data/processed/mangaung/vd_ward_2026.csv,17155,dd6cf4dbd17f73ad7987dad917f7fea97d9533fd652bad1f2539f11d383e238c,2026-08-31T22:00:50Z,"derived: src/build_concordance.py, src/build_crosswalk.py"
data/processed/nelsonmandelabay/2016/turnout.csv,21179,439b015f5aca047b918e52948aec6454d72c47ee3694c3908e54fbd91a5a65a5,2026-08-22T07:40:51Z,"derived: src/build_concordance.py, src/build_crosswalk.py"
data/processed/nelsonmandelabay/2021/turnout.csv,18695,c2e61a03d9a21773f72177f0ed2a41ae709e3295d435573c06afe7281039c1d0,2026-08-11T05:21:52Z,"derived: src/build_concordance.py, src/build_crosswalk.py"
data/processed/nelsonmandelabay/fold1_parameters.csv,2149,235562b5722a56722f590c2779494344d84e7e70dd6230eb2e0f653042cddeeb,2026-08-11T05:29:05Z,"derived: src/build_concordance.py, src/build_crosswalk.py"
data/processed/nelsonmandelabay/fold3_parameters.csv,1803,7ed84d8f08ee7a7029fc4fe343a811decbc930ebfbd70ebd7f66c0a2b70b16fb,2026-08-22T07:00:29Z,"derived: src/build_concordance.py, src/build_crosswalk.py"
data/processed/nelsonmandelabay/fold4_parameters.csv,1561,44ee565dea197e725e9cb2a9673cb90c1df991d37c5e120d74ad5ef905046f4a,2026-08-31T22:03:05Z,"derived: src/build_concordance.py, src/build_crosswalk.py"
data/processed/nelsonmandelabay/pools_2016.json,8932,b209477d4a1eefd44040f4015c9941c8a06bc71dbf98971af480321c2c4da04e,2026-09-01T06:22:59Z,"derived: src/build_concordance.py, src/build_crosswalk.py"
data/processed/nelsonmandelabay/pools_2021.json,24059,0af927d8305740e8e8f357ba302cdc8bf701da47ff31eb547d52cdf5cd924633,2026-09-01T06:23:28Z,"derived: src/build_concordance.py, src/build_crosswalk.py"
data/processed/nelsonmandelabay/vd_concordance.csv,147040,b3a37a5c6a3dc4eeb6c9d7d0056234c6b30235937512782bf9857ee384726046,2026-08-31T22:00:51Z,"derived: src/build_concordance.py, src/build_crosswalk.py"
data/processed/nelsonmandelabay/vd_ward_2026.csv,12303,bbda4a67103ed67632137e89469001d2f1441af4991ec673f899f8cf591c7aa3,2026-08-31T22:00:51Z,"derived: src/build_concordance.py, src/build_crosswalk.py"
data/processed/party_crosswalk.csv,12728,c43db63f3e083b6cd1cc4a2aed1e8ac020284421d84a1b72fd60073c1abdedcc,2026-08-08T10:38:01Z,"derived: src/build_concordance.py, src/build_crosswalk.py"
data/processed/pools_2016.json,10201,a12d2dbddad67f8292339ac2d6f3547786c8ea16756f3e28dfa4deae0f8b0758,2026-09-01T06:17:09Z,"derived: src/build_concordance.py, src/build_crosswalk.py"
data/processed/pools_2021.json,42297,72919d7c5f6d472d2be5041580776a5b47aa9409a90beddee3aa38e8d3d58158,2026-09-01T06:17:44Z,"derived: src/build_concordance.py, src/build_crosswalk.py"
data/processed/pools_2026.json,38123,a65c4a10c2f4d86e5d5037f28572822af8e0128220d962fd836dcc4c16392a8c,2026-09-01T06:25:35Z,"derived: src/build_concordance.py, src/build_crosswalk.py"
data/processed/pools_2026_simulation.json,43350,e2a59a3ae9bb8185c47fcf2a07beed25ebe7455e10bb78c67b0ba93cbeed4e09,2026-09-01T06:26:38Z,"derived: src/build_concordance.py, src/build_crosswalk.py"
data/processed/regime_cap_seat_draws.csv,231274,a76737b2e318791a8ccda27c9047ab659aeb7fa75fb8e110a0f60159aae713b2,2026-08-31T10:33:44Z,"derived: src/build_concordance.py, src/build_crosswalk.py"
data/processed/regime_cap_summary.json,241568,3fbda7449a063d64836e2415c567f7488e5568a54775922a7cc9148e051090a2,2026-08-31T10:33:44Z,"derived: src/build_concordance.py, src/build_crosswalk.py"
data/processed/regime_expand_seat_draws.csv,231275,1c843d2f59edbdbf7a93bd10807f08b2f4bcacd8493bb3cd99d6ce2db29624bc,2026-08-31T10:33:44Z,"derived: src/build_concordance.py, src/build_crosswalk.py"
data/processed/regime_expand_summary.json,241567,4023279dbb84a0d6c78356fc1625182f888f8784ed99ef5a997a1beda55b4991,2026-08-31T10:33:44Z,"derived: src/build_concordance.py, src/build_crosswalk.py"
data/processed/regime_level_seat_draws.csv,232493,59c7dd2e20b1dda0deb3eee1f2295611c9c1dd842c5f04c73fc458bf1bc1fa3b,2026-08-31T10:33:44Z,"derived: src/build_concordance.py, src/build_crosswalk.py"
data/processed/regime_level_summary.json,241549,707cb4d223d3529a3c04a7512ba218aa566c82a934465bb8b3db0a5065c1062a,2026-08-31T10:33:44Z,"derived: src/build_concordance.py, src/build_crosswalk.py"
data/processed/seat_draws.csv,230997,036bb974f6069d1ddc047ed44452c4cb383895693941a5b126bb74463fba69e0,2026-08-31T10:33:44Z,"derived: src/build_concordance.py, src/build_crosswalk.py"
data/processed/sweep.json,17783,29025dba68033acc8772b9892b9640aedcaaf3f9e5ded723c4f76942d3b01bae,2026-08-16T23:42:08Z,"derived: src/build_concordance.py, src/build_crosswalk.py"
data/processed/tshwane/2016/turnout.csv,43763,6790ec3742b31ba77bcb553582f3e89e402d04d3f0c456f29cbdd16cb0d5de45,2026-08-22T07:40:50Z,"derived: src/build_concordance.py, src/build_crosswalk.py"
data/processed/tshwane/2021/gamma_recent.csv,162,b6f5f8b4d567cb49ec61b713ea1118a639117279444602fc4238c37a3cd0805d,2026-08-10T12:06:16Z,"derived: src/build_concordance.py, src/build_crosswalk.py"
data/processed/tshwane/2021/turnout.csv,48591,cfacfb0eb9027f79d19909fa81f5aad4ce9033abd6d9d5392f65084a663352f4,2026-08-10T12:06:15Z,"derived: src/build_concordance.py, src/build_crosswalk.py"
data/processed/tshwane/2026/turnout.csv,94607,72a19c21393f22b011255e00044d02121c577dfa3778f050a72366856b71d93c,2026-09-01T06:29:22Z,"derived: src/build_concordance.py, src/build_crosswalk.py"
data/processed/tshwane/fold1_parameters.csv,2602,505700de9cbba1f5b878da30aa213e463f93940227583a3b3ffa670d413f8866,2026-08-10T01:52:23Z,"derived: src/build_concordance.py, src/build_crosswalk.py"
data/processed/tshwane/fold2_parameters.csv,5701,3b3e1dc0b32e54fda716a4965078781271bae3485ae88050df0599a3aeff79a3,2026-08-10T21:52:36Z,"derived: src/build_concordance.py, src/build_crosswalk.py"
data/processed/tshwane/fold3_parameters.csv,2243,ea545c22b30000a6f939d3e115bfa88f73e829cc7b13ba6003dc154cd63cd441,2026-08-22T06:59:45Z,"derived: src/build_concordance.py, src/build_crosswalk.py"
data/processed/tshwane/fold4_parameters.csv,2305,064f12faebcf2038d7a4b6da5af610577c8b13219becbf0bc83ca4aafbe20e02,2026-08-31T22:03:00Z,"derived: src/build_concordance.py, src/build_crosswalk.py"
data/processed/tshwane/pools_2016.json,8513,65e9c39ea4027f9fdef755a512a88d98c1dee4133d7128bff2cb8fc205f9460e,2026-09-01T06:18:08Z,"derived: src/build_concordance.py, src/build_crosswalk.py"
data/processed/tshwane/pools_2021.json,37177,8e95cf28cb3e4e8aedbc4419122fafb1c5ec2fa501a862b7d30b2739591acb32,2026-09-01T06:18:41Z,"derived: src/build_concordance.py, src/build_crosswalk.py"
data/processed/tshwane/turnout.csv,71830,4c3a3f62668b8e99a1346e5893acc2fca5c4ef75a9d5499f4b863da0b6f2d7d3,2026-08-10T09:22:36Z,"derived: src/build_concordance.py, src/build_crosswalk.py"
data/processed/tshwane/vd_concordance.csv,382202,2bb9b7f90278983c786772a46f2141ef2d270eb6caa70ef262134723c1351659,2026-08-31T22:00:46Z,"derived: src/build_concordance.py, src/build_crosswalk.py"
data/processed/tshwane/vd_ward_2026.csv,40344,e6ef4574722ad8f55fe9e08d005fe962bb0ab3b09fd8a3422a3e14521b50a853,2026-08-31T22:00:46Z,"derived: src/build_concordance.py, src/build_crosswalk.py"
data/processed/turnout.csv,114001,513060bed430cbb629a96db52b4eec05fa7ebb7329fa03ad6e5f7f6788932f66,2026-08-10T21:53:47Z,"derived: src/build_concordance.py, src/build_crosswalk.py"
data/processed/validation_2021.json,17348,ca47543db644a4f2f86b83e6665b4482f0511c4c1d07c44263102038e0307230,2026-08-11T16:40:23Z,"derived: src/build_concordance.py, src/build_crosswalk.py"
data/processed/vd_concordance.csv,481985,95942a6ca775f7a941dc62dc57a30637e25c37f6699b40ce06e96e641b30f2a7,2026-08-31T22:00:45Z,"derived: src/build_concordance.py, src/build_crosswalk.py"
data/processed/vd_ward_2026.csv,45344,46ca06b7e57eefc836fa2c10198b4972bfe55178057b5dd0d6bf4af644efed2b,2026-08-31T22:00:44Z,"derived: src/build_concordance.py, src/build_crosswalk.py"
data/processed/ward_hex_layout.json,3201,d8a2e8ab6568e66178f793526b3e90a9e791964e6ec3bc215181fe5cc85ecce8,2026-08-24T00:29:07Z,"derived: src/build_concordance.py, src/build_crosswalk.py"
data/processed/ward_leverage.csv,6878,b46c60831d77b52a8718db605d22ea2904c2062b9306e89bd2adcc0a40695497,2026-08-05T21:39:20Z,"derived: src/build_concordance.py, src/build_crosswalk.py"
data/processed/ward_paths.json,42243,340ed282bb486c3165290c7b2831a87ad5700efb2c77cd84af3bb46809abfdba,2026-08-22T09:23:45Z,"derived: src/build_concordance.py, src/build_crosswalk.py"
data/processed/ward_winner_probs.csv,13664,6a5f8238211c901e20eb23dbd112f96c60eab42eef42d5743230d5ef19e6cba4,2026-08-31T10:33:44Z,"derived: src/build_concordance.py, src/build_crosswalk.py"
data/processed/width_budget.json,6523,af8f2886f67fec01dcbbed180995b1918ef9b3c8adc6e2ec534c2b47620670bb,2026-08-18T13:54:09Z,"derived: src/build_concordance.py, src/build_crosswalk.py"
